app_id,category,publisher_tier
app_00000,ecommerce,tier_3
app_00001,entertainment,tier_2
app_00002,utility,tier_3
app_00003,ecommerce,tier_2
app_00004,gaming,tier_1
app_00005,finance,tier_3
app_00006,ecommerce,tier_2
app_00007,ecommerce,tier_1
app_00008,gaming,tier_1
app_00009,entertainment,tier_2
app_00010,social,tier_1
app_00011,finance,tier_2
app_00012,news,tier_1
app_00013,utility,tier_2
app_00014,entertainment,tier_2
app_00015,gaming,tier_2
app_00016,entertainment,tier_2
app_00017,gaming,tier_1
app_00018,utility,tier_2
app_00019,news,tier_2
app_00020,ecommerce,tier_2
app_00021,social,tier_1
app_00022,finance,tier_1
app_00023,utility,tier_2
app_00024,ecommerce,tier_2
app_00025,gaming,tier_2
app_00026,entertainment,tier_3
app_00027,gaming,tier_2
app_00028,gaming,tier_2
app_00029,ecommerce,tier_2
app_00030,ecommerce,tier_1
app_00031,finance,tier_2
app_00032,social,tier_2
app_00033,social,tier_2
app_00034,entertainment,tier_1
app_00035,gaming,tier_3
app_00036,gaming,tier_3
app_00037,entertainment,tier_1
app_00038,gaming,tier_2
app_00039,news,tier_3
app_00040,entertainment,tier_2
app_00041,utility,tier_3
app_00042,ecommerce,tier_2
app_00043,social,tier_3
app_00044,utility,tier_3
app_00045,utility,tier_1
app_00046,social,tier_2
app_00047,social,tier_2
app_00048,ecommerce,tier_1
app_00049,gaming,tier_2
app_00050,gaming,tier_3
app_00051,gaming,tier_1
app_00052,ecommerce,tier_2
app_00053,news,tier_3
app_00054,ecommerce,tier_2
app_00055,ecommerce,tier_2
app_00056,entertainment,tier_3
app_00057,news,tier_2
app_00058,gaming,tier_1
app_00059,gaming,tier_1
app_00060,news,tier_3
app_00061,entertainment,tier_2
app_00062,news,tier_2
app_00063,ecommerce,tier_1
app_00064,news,tier_2
app_00065,entertainment,tier_3
app_00066,entertainment,tier_2
app_00067,social,tier_3
app_00068,gaming,tier_2
app_00069,entertainment,tier_2
app_00070,gaming,tier_3
app_00071,entertainment,tier_2
app_00072,utility,tier_2
app_00073,gaming,tier_3
app_00074,gaming,tier_2
app_00075,social,tier_2
app_00076,social,tier_3
app_00077,news,tier_1
app_00078,entertainment,tier_2
app_00079,ecommerce,tier_1
app_00080,news,tier_2
app_00081,entertainment,tier_2
app_00082,utility,tier_2
app_00083,gaming,tier_1
app_00084,gaming,tier_2
app_00085,gaming,tier_2
app_00086,ecommerce,tier_2
app_00087,entertainment,tier_2
app_00088,gaming,tier_3
app_00089,entertainment,tier_2
app_00090,gaming,tier_2
app_00091,ecommerce,tier_3
app_00092,entertainment,tier_2
app_00093,social,tier_2
app_00094,social,tier_3
app_00095,news,tier_2
app_00096,social,tier_1
app_00097,gaming,tier_2
app_00098,gaming,tier_1
app_00099,finance,tier_2
app_00100,utility,tier_3
app_00101,ecommerce,tier_1
app_00102,social,tier_3
app_00103,finance,tier_3
app_00104,ecommerce,tier_2
app_00105,ecommerce,tier_3
app_00106,entertainment,tier_3
app_00107,social,tier_3
app_00108,gaming,tier_2
app_00109,utility,tier_1
app_00110,entertainment,tier_2
app_00111,gaming,tier_2
app_00112,social,tier_1
app_00113,news,tier_2
app_00114,gaming,tier_1
app_00115,utility,tier_3
app_00116,ecommerce,tier_2
app_00117,ecommerce,tier_1
app_00118,entertainment,tier_1
app_00119,news,tier_2
app_00120,news,tier_2
app_00121,news,tier_1
app_00122,gaming,tier_2
app_00123,entertainment,tier_1
app_00124,gaming,tier_2
app_00125,entertainment,tier_2
app_00126,social,tier_2
app_00127,gaming,tier_2
app_00128,gaming,tier_1
app_00129,news,tier_1
app_00130,gaming,tier_2
app_00131,finance,tier_3
app_00132,news,tier_3
app_00133,social,tier_3
app_00134,news,tier_2
app_00135,gaming,tier_2
app_00136,finance,tier_2
app_00137,entertainment,tier_3
app_00138,ecommerce,tier_3
app_00139,gaming,tier_3
app_00140,entertainment,tier_3
app_00141,entertainment,tier_2
app_00142,finance,tier_3
app_00143,news,tier_3
app_00144,entertainment,tier_2
app_00145,social,tier_3
app_00146,social,tier_1
app_00147,entertainment,tier_3
app_00148,entertainment,tier_3
app_00149,gaming,tier_1
app_00150,utility,tier_2
app_00151,utility,tier_1
app_00152,gaming,tier_3
app_00153,entertainment,tier_3
app_00154,gaming,tier_2
app_00155,news,tier_3
app_00156,social,tier_1
app_00157,news,tier_2
app_00158,ecommerce,tier_2
app_00159,ecommerce,tier_1
app_00160,gaming,tier_2
app_00161,utility,tier_2
app_00162,gaming,tier_2
app_00163,gaming,tier_2
app_00164,entertainment,tier_3
app_00165,social,tier_2
app_00166,utility,tier_3
app_00167,utility,tier_2
app_00168,social,tier_2
app_00169,finance,tier_2
app_00170,social,tier_2
app_00171,entertainment,tier_2
app_00172,social,tier_2
app_00173,finance,tier_1
app_00174,gaming,tier_2
app_00175,gaming,tier_2
app_00176,entertainment,tier_2
app_00177,finance,tier_3
app_00178,utility,tier_2
app_00179,ecommerce,tier_3
app_00180,utility,tier_3
app_00181,utility,tier_3
app_00182,entertainment,tier_3
app_00183,social,tier_1
app_00184,ecommerce,tier_2
app_00185,news,tier_1
app_00186,social,tier_3
app_00187,gaming,tier_2
app_00188,ecommerce,tier_2
app_00189,social,tier_3
app_00190,finance,tier_1
app_00191,social,tier_2
app_00192,gaming,tier_3
app_00193,utility,tier_1
app_00194,gaming,tier_2
app_00195,gaming,tier_3
app_00196,news,tier_1
app_00197,utility,tier_2
app_00198,gaming,tier_2
app_00199,social,tier_2
app_00200,ecommerce,tier_1
app_00201,finance,tier_3
app_00202,entertainment,tier_3
app_00203,gaming,tier_1
app_00204,gaming,tier_2
app_00205,gaming,tier_2
app_00206,gaming,tier_3
app_00207,news,tier_2
app_00208,gaming,tier_1
app_00209,entertainment,tier_1
app_00210,ecommerce,tier_3
app_00211,news,tier_2
app_00212,gaming,tier_3
app_00213,utility,tier_2
app_00214,ecommerce,tier_3
app_00215,ecommerce,tier_1
app_00216,gaming,tier_1
app_00217,gaming,tier_3
app_00218,finance,tier_3
app_00219,social,tier_2
app_00220,social,tier_2
app_00221,entertainment,tier_2
app_00222,news,tier_2
app_00223,finance,tier_1
app_00224,social,tier_3
app_00225,finance,tier_2
app_00226,gaming,tier_3
app_00227,entertainment,tier_1
app_00228,news,tier_1
app_00229,gaming,tier_2
app_00230,gaming,tier_2
app_00231,entertainment,tier_2
app_00232,finance,tier_1
app_00233,news,tier_3
app_00234,finance,tier_3
app_00235,utility,tier_3
app_00236,entertainment,tier_1
app_00237,ecommerce,tier_2
app_00238,gaming,tier_2
app_00239,gaming,tier_2
app_00240,utility,tier_2
app_00241,ecommerce,tier_1
app_00242,gaming,tier_2
app_00243,entertainment,tier_2
app_00244,news,tier_2
app_00245,utility,tier_1
app_00246,news,tier_2
app_00247,entertainment,tier_2
app_00248,social,tier_2
app_00249,entertainment,tier_2
app_00250,news,tier_2
app_00251,utility,tier_3
app_00252,entertainment,tier_2
app_00253,social,tier_2
app_00254,gaming,tier_3
app_00255,ecommerce,tier_2
app_00256,utility,tier_3
app_00257,gaming,tier_3
app_00258,gaming,tier_1
app_00259,news,tier_2
app_00260,gaming,tier_2
app_00261,utility,tier_3
app_00262,social,tier_2
app_00263,gaming,tier_1
app_00264,finance,tier_2
app_00265,gaming,tier_1
app_00266,social,tier_3
app_00267,gaming,tier_2
app_00268,gaming,tier_3
app_00269,gaming,tier_3
app_00270,gaming,tier_2
app_00271,gaming,tier_2
app_00272,gaming,tier_3
app_00273,news,tier_3
app_00274,ecommerce,tier_3
app_00275,social,tier_1
app_00276,social,tier_2
app_00277,entertainment,tier_2
app_00278,utility,tier_3
app_00279,utility,tier_2
app_00280,gaming,tier_2
app_00281,gaming,tier_1
app_00282,gaming,tier_2
app_00283,social,tier_3
app_00284,news,tier_2
app_00285,entertainment,tier_1
app_00286,gaming,tier_3
app_00287,social,tier_3
app_00288,entertainment,tier_1
app_00289,gaming,tier_2
app_00290,utility,tier_3
app_00291,gaming,tier_3
app_00292,finance,tier_2
app_00293,gaming,tier_2
app_00294,utility,tier_2
app_00295,utility,tier_1
app_00296,finance,tier_3
app_00297,utility,tier_1
app_00298,ecommerce,tier_1
app_00299,news,tier_3
app_00300,ecommerce,tier_3
app_00301,gaming,tier_3
app_00302,entertainment,tier_2
app_00303,entertainment,tier_2
app_00304,utility,tier_2
app_00305,entertainment,tier_2
app_00306,social,tier_2
app_00307,news,tier_2
app_00308,social,tier_2
app_00309,gaming,tier_3
app_00310,entertainment,tier_3
app_00311,entertainment,tier_1
app_00312,gaming,tier_2
app_00313,social,tier_1
app_00314,social,tier_2
app_00315,social,tier_2
app_00316,social,tier_1
app_00317,ecommerce,tier_3
app_00318,social,tier_2
app_00319,finance,tier_3
app_00320,utility,tier_1
app_00321,entertainment,tier_1
app_00322,social,tier_2
app_00323,entertainment,tier_1
app_00324,utility,tier_2
app_00325,news,tier_3
app_00326,utility,tier_2
app_00327,entertainment,tier_1
app_00328,news,tier_2
app_00329,social,tier_2
app_00330,ecommerce,tier_2
app_00331,gaming,tier_2
app_00332,ecommerce,tier_3
app_00333,utility,tier_1
app_00334,gaming,tier_2
app_00335,news,tier_2
app_00336,gaming,tier_3
app_00337,ecommerce,tier_2
app_00338,gaming,tier_2
app_00339,finance,tier_1
app_00340,gaming,tier_1
app_00341,finance,tier_1
app_00342,utility,tier_3
app_00343,news,tier_2
app_00344,ecommerce,tier_3
app_00345,ecommerce,tier_1
app_00346,finance,tier_3
app_00347,social,tier_3
app_00348,news,tier_1
app_00349,gaming,tier_1
app_00350,news,tier_1
app_00351,gaming,tier_3
app_00352,news,tier_2
app_00353,news,tier_2
app_00354,entertainment,tier_2
app_00355,entertainment,tier_3
app_00356,ecommerce,tier_2
app_00357,ecommerce,tier_2
app_00358,entertainment,tier_3
app_00359,news,tier_1
app_00360,finance,tier_3
app_00361,gaming,tier_1
app_00362,gaming,tier_2
app_00363,gaming,tier_3
app_00364,news,tier_2
app_00365,entertainment,tier_2
app_00366,ecommerce,tier_2
app_00367,news,tier_2
app_00368,social,tier_2
app_00369,utility,tier_2
app_00370,ecommerce,tier_2
app_00371,social,tier_2
app_00372,social,tier_2
app_00373,social,tier_2
app_00374,gaming,tier_2
app_00375,gaming,tier_1
app_00376,finance,tier_3
app_00377,entertainment,tier_2
app_00378,social,tier_1
app_00379,ecommerce,tier_2
app_00380,entertainment,tier_3
app_00381,finance,tier_2
app_00382,ecommerce,tier_1
app_00383,entertainment,tier_1
app_00384,social,tier_1
app_00385,finance,tier_3
app_00386,ecommerce,tier_3
app_00387,finance,tier_1
app_00388,gaming,tier_3
app_00389,utility,tier_1
app_00390,news,tier_2
app_00391,gaming,tier_3
app_00392,news,tier_2
app_00393,ecommerce,tier_1
app_00394,gaming,tier_2
app_00395,entertainment,tier_3
app_00396,utility,tier_2
app_00397,social,tier_1
app_00398,entertainment,tier_1
app_00399,entertainment,tier_2
app_00400,social,tier_2
app_00401,utility,tier_3
app_00402,ecommerce,tier_3
app_00403,gaming,tier_3
app_00404,finance,tier_3
app_00405,utility,tier_2
app_00406,social,tier_2
app_00407,utility,tier_2
app_00408,gaming,tier_2
app_00409,finance,tier_3
app_00410,news,tier_2
app_00411,news,tier_3
app_00412,gaming,tier_2
app_00413,utility,tier_2
app_00414,gaming,tier_2
app_00415,social,tier_1
app_00416,gaming,tier_2
app_00417,ecommerce,tier_2
app_00418,gaming,tier_1
app_00419,utility,tier_3
app_00420,news,tier_1
app_00421,gaming,tier_1
app_00422,gaming,tier_3
app_00423,gaming,tier_1
app_00424,news,tier_3
app_00425,utility,tier_3
app_00426,gaming,tier_1
app_00427,utility,tier_2
app_00428,gaming,tier_2
app_00429,utility,tier_3
app_00430,finance,tier_3
app_00431,ecommerce,tier_3
app_00432,ecommerce,tier_2
app_00433,utility,tier_2
app_00434,gaming,tier_2
app_00435,gaming,tier_3
app_00436,gaming,tier_2
app_00437,entertainment,tier_2
app_00438,ecommerce,tier_2
app_00439,news,tier_3
app_00440,utility,tier_3
app_00441,gaming,tier_1
app_00442,ecommerce,tier_2
app_00443,gaming,tier_2
app_00444,social,tier_2
app_00445,ecommerce,tier_2
app_00446,finance,tier_1
app_00447,news,tier_2
app_00448,gaming,tier_2
app_00449,news,tier_2
app_00450,gaming,tier_2
app_00451,utility,tier_3
app_00452,ecommerce,tier_2
app_00453,gaming,tier_3
app_00454,gaming,tier_2
app_00455,gaming,tier_2
app_00456,finance,tier_2
app_00457,entertainment,tier_1
app_00458,ecommerce,tier_2
app_00459,news,tier_2
app_00460,news,tier_3
app_00461,gaming,tier_2
app_00462,finance,tier_1
app_00463,social,tier_2
app_00464,news,tier_2
app_00465,ecommerce,tier_3
app_00466,news,tier_3
app_00467,finance,tier_2
app_00468,gaming,tier_2
app_00469,entertainment,tier_2
app_00470,entertainment,tier_2
app_00471,entertainment,tier_3
app_00472,gaming,tier_3
app_00473,gaming,tier_2
app_00474,social,tier_2
app_00475,social,tier_1
app_00476,entertainment,tier_1
app_00477,news,tier_1
app_00478,news,tier_2
app_00479,entertainment,tier_3
app_00480,entertainment,tier_2
app_00481,gaming,tier_2
app_00482,news,tier_1
app_00483,social,tier_2
app_00484,gaming,tier_3
app_00485,entertainment,tier_2
app_00486,entertainment,tier_3
app_00487,gaming,tier_3
app_00488,news,tier_1
app_00489,news,tier_2
app_00490,ecommerce,tier_3
app_00491,news,tier_2
app_00492,news,tier_1
app_00493,social,tier_3
app_00494,ecommerce,tier_3
app_00495,entertainment,tier_2
app_00496,entertainment,tier_2
app_00497,news,tier_2
app_00498,social,tier_3
app_00499,entertainment,tier_2
app_00500,ecommerce,tier_1
app_00501,utility,tier_2
app_00502,finance,tier_3
app_00503,entertainment,tier_3
app_00504,entertainment,tier_2
app_00505,ecommerce,tier_1
app_00506,social,tier_3
app_00507,utility,tier_3
app_00508,entertainment,tier_2
app_00509,gaming,tier_2
app_00510,gaming,tier_2
app_00511,utility,tier_2
app_00512,gaming,tier_1
app_00513,social,tier_1
app_00514,social,tier_2
app_00515,gaming,tier_3
app_00516,social,tier_1
app_00517,ecommerce,tier_2
app_00518,gaming,tier_2
app_00519,utility,tier_2
app_00520,utility,tier_1
app_00521,social,tier_2
app_00522,gaming,tier_2
app_00523,news,tier_2
app_00524,gaming,tier_3
app_00525,social,tier_1
app_00526,finance,tier_3
app_00527,finance,tier_3
app_00528,ecommerce,tier_3
app_00529,social,tier_2
app_00530,ecommerce,tier_2
app_00531,ecommerce,tier_2
app_00532,social,tier_2
app_00533,news,tier_1
app_00534,gaming,tier_3
app_00535,gaming,tier_2
app_00536,entertainment,tier_3
app_00537,gaming,tier_2
app_00538,gaming,tier_1
app_00539,utility,tier_2
app_00540,finance,tier_2
app_00541,entertainment,tier_2
app_00542,utility,tier_2
app_00543,finance,tier_2
app_00544,gaming,tier_2
app_00545,entertainment,tier_2
app_00546,social,tier_3
app_00547,gaming,tier_1
app_00548,ecommerce,tier_2
app_00549,entertainment,tier_2
app_00550,entertainment,tier_2
app_00551,gaming,tier_2
app_00552,gaming,tier_2
app_00553,utility,tier_3
app_00554,gaming,tier_2
app_00555,gaming,tier_2
app_00556,social,tier_1
app_00557,entertainment,tier_2
app_00558,news,tier_2
app_00559,entertainment,tier_1
app_00560,gaming,tier_2
app_00561,social,tier_2
app_00562,utility,tier_3
app_00563,news,tier_2
app_00564,news,tier_2
app_00565,news,tier_2
app_00566,ecommerce,tier_1
app_00567,gaming,tier_1
app_00568,social,tier_2
app_00569,entertainment,tier_3
app_00570,social,tier_1
app_00571,utility,tier_2
app_00572,entertainment,tier_3
app_00573,ecommerce,tier_3
app_00574,utility,tier_2
app_00575,entertainment,tier_2
app_00576,utility,tier_2
app_00577,news,tier_3
app_00578,utility,tier_1
app_00579,social,tier_3
app_00580,entertainment,tier_1
app_00581,entertainment,tier_3
app_00582,gaming,tier_1
app_00583,social,tier_1
app_00584,utility,tier_1
app_00585,news,tier_2
app_00586,gaming,tier_2
app_00587,social,tier_1
app_00588,gaming,tier_2
app_00589,gaming,tier_2
app_00590,finance,tier_3
app_00591,entertainment,tier_3
app_00592,social,tier_2
app_00593,news,tier_1
app_00594,gaming,tier_2
app_00595,social,tier_3
app_00596,ecommerce,tier_1
app_00597,news,tier_2
app_00598,finance,tier_3
app_00599,news,tier_3
app_00600,entertainment,tier_2
app_00601,ecommerce,tier_2
app_00602,utility,tier_2
app_00603,ecommerce,tier_3
app_00604,finance,tier_1
app_00605,ecommerce,tier_1
app_00606,utility,tier_2
app_00607,gaming,tier_2
app_00608,ecommerce,tier_2
app_00609,entertainment,tier_2
app_00610,entertainment,tier_3
app_00611,news,tier_3
app_00612,finance,tier_2
app_00613,finance,tier_3
app_00614,social,tier_2
app_00615,ecommerce,tier_2
app_00616,ecommerce,tier_1
app_00617,social,tier_3
app_00618,gaming,tier_3
app_00619,gaming,tier_3
app_00620,ecommerce,tier_3
app_00621,entertainment,tier_3
app_00622,finance,tier_2
app_00623,entertainment,tier_3
app_00624,finance,tier_2
app_00625,entertainment,tier_2
app_00626,ecommerce,tier_2
app_00627,gaming,tier_2
app_00628,entertainment,tier_2
app_00629,utility,tier_2
app_00630,finance,tier_1
app_00631,utility,tier_2
app_00632,gaming,tier_3
app_00633,social,tier_2
app_00634,gaming,tier_2
app_00635,gaming,tier_2
app_00636,news,tier_2
app_00637,ecommerce,tier_2
app_00638,ecommerce,tier_3
app_00639,utility,tier_1
app_00640,ecommerce,tier_3
app_00641,utility,tier_3
app_00642,gaming,tier_2
app_00643,gaming,tier_3
app_00644,news,tier_2
app_00645,utility,tier_3
app_00646,gaming,tier_3
app_00647,entertainment,tier_3
app_00648,news,tier_2
app_00649,gaming,tier_3
app_00650,entertainment,tier_3
app_00651,utility,tier_2
app_00652,news,tier_3
app_00653,gaming,tier_3
app_00654,utility,tier_2
app_00655,social,tier_3
app_00656,utility,tier_2
app_00657,social,tier_2
app_00658,news,tier_1
app_00659,social,tier_2
app_00660,social,tier_3
app_00661,utility,tier_2
app_00662,gaming,tier_2
app_00663,gaming,tier_2
app_00664,social,tier_2
app_00665,ecommerce,tier_3
app_00666,utility,tier_3
app_00667,finance,tier_1
app_00668,social,tier_2
app_00669,entertainment,tier_2
app_00670,gaming,tier_2
app_00671,news,tier_2
app_00672,finance,tier_2
app_00673,ecommerce,tier_2
app_00674,news,tier_2
app_00675,social,tier_2
app_00676,utility,tier_2
app_00677,entertainment,tier_3
app_00678,gaming,tier_3
app_00679,social,tier_2
app_00680,gaming,tier_3
app_00681,gaming,tier_3
app_00682,gaming,tier_1
app_00683,entertainment,tier_2
app_00684,news,tier_2
app_00685,social,tier_3
app_00686,entertainment,tier_2
app_00687,finance,tier_2
app_00688,ecommerce,tier_2
app_00689,entertainment,tier_2
app_00690,social,tier_3
app_00691,utility,tier_2
app_00692,gaming,tier_3
app_00693,social,tier_3
app_00694,utility,tier_3
app_00695,entertainment,tier_1
app_00696,ecommerce,tier_3
app_00697,news,tier_1
app_00698,news,tier_2
app_00699,social,tier_3
app_00700,social,tier_2
app_00701,social,tier_2
app_00702,gaming,tier_2
app_00703,utility,tier_3
app_00704,social,tier_3
app_00705,news,tier_2
app_00706,ecommerce,tier_3
app_00707,ecommerce,tier_2
app_00708,entertainment,tier_1
app_00709,entertainment,tier_2
app_00710,finance,tier_3
app_00711,news,tier_2
app_00712,utility,tier_2
app_00713,utility,tier_1
app_00714,ecommerce,tier_3
app_00715,gaming,tier_2
app_00716,news,tier_2
app_00717,gaming,tier_3
app_00718,news,tier_1
app_00719,finance,tier_2
app_00720,entertainment,tier_2
app_00721,entertainment,tier_3
app_00722,gaming,tier_2
app_00723,finance,tier_2
app_00724,gaming,tier_1
app_00725,gaming,tier_3
app_00726,social,tier_3
app_00727,gaming,tier_1
app_00728,entertainment,tier_2
app_00729,entertainment,tier_3
app_00730,social,tier_1
app_00731,gaming,tier_2
app_00732,gaming,tier_2
app_00733,social,tier_2
app_00734,gaming,tier_2
app_00735,ecommerce,tier_2
app_00736,gaming,tier_1
app_00737,social,tier_2
app_00738,social,tier_3
app_00739,entertainment,tier_2
app_00740,gaming,tier_1
app_00741,gaming,tier_3
app_00742,utility,tier_1
app_00743,gaming,tier_3
app_00744,entertainment,tier_2
app_00745,entertainment,tier_3
app_00746,social,tier_2
app_00747,entertainment,tier_1
app_00748,ecommerce,tier_2
app_00749,utility,tier_1
app_00750,social,tier_2
app_00751,social,tier_3
app_00752,social,tier_3
app_00753,entertainment,tier_1
app_00754,ecommerce,tier_3
app_00755,gaming,tier_3
app_00756,social,tier_3
app_00757,finance,tier_2
app_00758,gaming,tier_2
app_00759,entertainment,tier_2
app_00760,ecommerce,tier_2
app_00761,gaming,tier_3
app_00762,gaming,tier_1
app_00763,gaming,tier_2
app_00764,utility,tier_1
app_00765,gaming,tier_3
app_00766,gaming,tier_2
app_00767,gaming,tier_2
app_00768,gaming,tier_3
app_00769,news,tier_3
app_00770,social,tier_1
app_00771,news,tier_3
app_00772,news,tier_3
app_00773,utility,tier_1
app_00774,gaming,tier_3
app_00775,utility,tier_2
app_00776,news,tier_2
app_00777,gaming,tier_2
app_00778,ecommerce,tier_2
app_00779,utility,tier_1
app_00780,social,tier_1
app_00781,utility,tier_1
app_00782,entertainment,tier_2
app_00783,news,tier_2
app_00784,finance,tier_2
app_00785,social,tier_2
app_00786,utility,tier_2
app_00787,social,tier_2
app_00788,ecommerce,tier_3
app_00789,news,tier_2
app_00790,gaming,tier_3
app_00791,entertainment,tier_1
app_00792,social,tier_3
app_00793,gaming,tier_3
app_00794,gaming,tier_3
app_00795,social,tier_2
app_00796,gaming,tier_2
app_00797,gaming,tier_2
app_00798,ecommerce,tier_2
app_00799,ecommerce,tier_3
app_00800,ecommerce,tier_3
app_00801,social,tier_2
app_00802,utility,tier_1
app_00803,news,tier_2
app_00804,gaming,tier_1
app_00805,gaming,tier_2
app_00806,ecommerce,tier_2
app_00807,gaming,tier_3
app_00808,entertainment,tier_1
app_00809,finance,tier_1
app_00810,gaming,tier_1
app_00811,gaming,tier_3
app_00812,finance,tier_2
app_00813,news,tier_1
app_00814,gaming,tier_1
app_00815,utility,tier_2
app_00816,utility,tier_2
app_00817,entertainment,tier_2
app_00818,news,tier_2
app_00819,social,tier_3
app_00820,gaming,tier_2
app_00821,news,tier_2
app_00822,social,tier_1
app_00823,news,tier_3
app_00824,utility,tier_3
app_00825,gaming,tier_3
app_00826,news,tier_2
app_00827,gaming,tier_2
app_00828,utility,tier_3
app_00829,social,tier_3
app_00830,news,tier_2
app_00831,entertainment,tier_2
app_00832,social,tier_2
app_00833,news,tier_3
app_00834,ecommerce,tier_2
app_00835,news,tier_2
app_00836,ecommerce,tier_2
app_00837,finance,tier_2
app_00838,entertainment,tier_2
app_00839,entertainment,tier_1
app_00840,gaming,tier_3
app_00841,ecommerce,tier_2
app_00842,entertainment,tier_2
app_00843,entertainment,tier_2
app_00844,gaming,tier_2
app_00845,utility,tier_2
app_00846,social,tier_2
app_00847,ecommerce,tier_1
app_00848,gaming,tier_3
app_00849,finance,tier_2
app_00850,gaming,tier_2
app_00851,gaming,tier_2
app_00852,utility,tier_3
app_00853,utility,tier_2
app_00854,gaming,tier_3
app_00855,entertainment,tier_3
app_00856,ecommerce,tier_2
app_00857,utility,tier_2
app_00858,social,tier_3
app_00859,entertainment,tier_2
app_00860,ecommerce,tier_2
app_00861,ecommerce,tier_2
app_00862,ecommerce,tier_2
app_00863,news,tier_1
app_00864,gaming,tier_2
app_00865,utility,tier_1
app_00866,utility,tier_2
app_00867,ecommerce,tier_2
app_00868,gaming,tier_3
app_00869,gaming,tier_1
app_00870,ecommerce,tier_2
app_00871,gaming,tier_2
app_00872,finance,tier_1
app_00873,social,tier_2
app_00874,ecommerce,tier_1
app_00875,utility,tier_2
app_00876,social,tier_2
app_00877,social,tier_2
app_00878,news,tier_2
app_00879,news,tier_1
app_00880,entertainment,tier_1
app_00881,news,tier_1
app_00882,finance,tier_2
app_00883,entertainment,tier_2
app_00884,gaming,tier_2
app_00885,social,tier_2
app_00886,social,tier_1
app_00887,gaming,tier_3
app_00888,gaming,tier_1
app_00889,ecommerce,tier_1
app_00890,social,tier_1
app_00891,finance,tier_3
app_00892,social,tier_2
app_00893,gaming,tier_2
app_00894,ecommerce,tier_3
app_00895,utility,tier_1
app_00896,social,tier_3
app_00897,gaming,tier_2
app_00898,gaming,tier_2
app_00899,entertainment,tier_2
app_00900,entertainment,tier_2
app_00901,social,tier_3
app_00902,gaming,tier_1
app_00903,entertainment,tier_3
app_00904,finance,tier_2
app_00905,news,tier_2
app_00906,entertainment,tier_3
app_00907,gaming,tier_1
app_00908,social,tier_3
app_00909,social,tier_2
app_00910,ecommerce,tier_3
app_00911,utility,tier_1
app_00912,utility,tier_2
app_00913,finance,tier_2
app_00914,finance,tier_2
app_00915,finance,tier_1
app_00916,gaming,tier_2
app_00917,gaming,tier_3
app_00918,social,tier_1
app_00919,entertainment,tier_3
app_00920,gaming,tier_3
app_00921,utility,tier_1
app_00922,news,tier_1
app_00923,entertainment,tier_2
app_00924,gaming,tier_1
app_00925,social,tier_2
app_00926,gaming,tier_2
app_00927,utility,tier_2
app_00928,news,tier_2
app_00929,ecommerce,tier_2
app_00930,social,tier_2
app_00931,social,tier_2
app_00932,entertainment,tier_2
app_00933,ecommerce,tier_3
app_00934,ecommerce,tier_2
app_00935,gaming,tier_2
app_00936,finance,tier_2
app_00937,gaming,tier_1
app_00938,utility,tier_2
app_00939,gaming,tier_1
app_00940,social,tier_3
app_00941,utility,tier_2
app_00942,gaming,tier_3
app_00943,entertainment,tier_1
app_00944,entertainment,tier_2
app_00945,social,tier_2
app_00946,ecommerce,tier_2
app_00947,utility,tier_3
app_00948,utility,tier_3
app_00949,social,tier_3
app_00950,entertainment,tier_1
app_00951,social,tier_3
app_00952,social,tier_1
app_00953,gaming,tier_3
app_00954,finance,tier_2
app_00955,utility,tier_2
app_00956,ecommerce,tier_1
app_00957,entertainment,tier_1
app_00958,entertainment,tier_2
app_00959,entertainment,tier_3
app_00960,entertainment,tier_3
app_00961,entertainment,tier_3
app_00962,gaming,tier_1
app_00963,gaming,tier_2
app_00964,finance,tier_2
app_00965,entertainment,tier_2
app_00966,finance,tier_2
app_00967,gaming,tier_2
app_00968,entertainment,tier_2
app_00969,gaming,tier_1
app_00970,social,tier_2
app_00971,gaming,tier_2
app_00972,gaming,tier_1
app_00973,utility,tier_3
app_00974,social,tier_2
app_00975,news,tier_3
app_00976,entertainment,tier_2
app_00977,entertainment,tier_3
app_00978,entertainment,tier_3
app_00979,gaming,tier_3
app_00980,finance,tier_2
app_00981,utility,tier_2
app_00982,ecommerce,tier_1
app_00983,entertainment,tier_2
app_00984,gaming,tier_1
app_00985,finance,tier_2
app_00986,social,tier_1
app_00987,gaming,tier_2
app_00988,social,tier_1
app_00989,ecommerce,tier_2
app_00990,news,tier_3
app_00991,ecommerce,tier_3
app_00992,ecommerce,tier_2
app_00993,gaming,tier_2
app_00994,finance,tier_2
app_00995,entertainment,tier_2
app_00996,news,tier_2
app_00997,gaming,tier_2
app_00998,finance,tier_3
app_00999,social,tier_1
app_01000,gaming,tier_3
app_01001,entertainment,tier_2
app_01002,gaming,tier_2
app_01003,gaming,tier_3
app_01004,news,tier_1
app_01005,social,tier_3
app_01006,finance,tier_2
app_01007,social,tier_1
app_01008,ecommerce,tier_1
app_01009,entertainment,tier_3
app_01010,news,tier_2
app_01011,news,tier_3
app_01012,entertainment,tier_3
app_01013,finance,tier_2
app_01014,social,tier_2
app_01015,gaming,tier_3
app_01016,news,tier_3
app_01017,utility,tier_1
app_01018,gaming,tier_2
app_01019,entertainment,tier_2
app_01020,utility,tier_2
app_01021,ecommerce,tier_3
app_01022,finance,tier_2
app_01023,entertainment,tier_2
app_01024,news,tier_2
app_01025,social,tier_1
app_01026,finance,tier_2
app_01027,social,tier_3
app_01028,ecommerce,tier_2
app_01029,entertainment,tier_2
app_01030,news,tier_3
app_01031,ecommerce,tier_1
app_01032,entertainment,tier_2
app_01033,utility,tier_2
app_01034,entertainment,tier_3
app_01035,news,tier_3
app_01036,social,tier_2
app_01037,entertainment,tier_1
app_01038,entertainment,tier_1
app_01039,gaming,tier_2
app_01040,gaming,tier_2
app_01041,news,tier_3
app_01042,news,tier_3
app_01043,news,tier_2
app_01044,gaming,tier_3
app_01045,social,tier_3
app_01046,gaming,tier_2
app_01047,ecommerce,tier_2
app_01048,utility,tier_3
app_01049,social,tier_2
app_01050,news,tier_3
app_01051,gaming,tier_1
app_01052,social,tier_2
app_01053,gaming,tier_3
app_01054,social,tier_2
app_01055,news,tier_2
app_01056,utility,tier_2
app_01057,gaming,tier_1
app_01058,entertainment,tier_2
app_01059,ecommerce,tier_2
app_01060,finance,tier_2
app_01061,news,tier_2
app_01062,social,tier_2
app_01063,news,tier_3
app_01064,social,tier_2
app_01065,finance,tier_2
app_01066,social,tier_2
app_01067,ecommerce,tier_1
app_01068,gaming,tier_3
app_01069,entertainment,tier_2
app_01070,utility,tier_1
app_01071,news,tier_3
app_01072,entertainment,tier_3
app_01073,finance,tier_3
app_01074,utility,tier_3
app_01075,social,tier_3
app_01076,entertainment,tier_2
app_01077,entertainment,tier_2
app_01078,news,tier_2
app_01079,social,tier_2
app_01080,social,tier_2
app_01081,utility,tier_1
app_01082,finance,tier_2
app_01083,utility,tier_3
app_01084,finance,tier_3
app_01085,ecommerce,tier_2
app_01086,ecommerce,tier_2
app_01087,ecommerce,tier_2
app_01088,entertainment,tier_2
app_01089,entertainment,tier_3
app_01090,social,tier_3
app_01091,news,tier_3
app_01092,social,tier_3
app_01093,social,tier_3
app_01094,news,tier_2
app_01095,entertainment,tier_1
app_01096,gaming,tier_1
app_01097,utility,tier_2
app_01098,utility,tier_2
app_01099,gaming,tier_1
app_01100,gaming,tier_3
app_01101,social,tier_1
app_01102,ecommerce,tier_3
app_01103,utility,tier_3
app_01104,gaming,tier_2
app_01105,ecommerce,tier_2
app_01106,gaming,tier_2
app_01107,social,tier_2
app_01108,finance,tier_1
app_01109,gaming,tier_3
app_01110,gaming,tier_2
app_01111,entertainment,tier_2
app_01112,news,tier_3
app_01113,finance,tier_2
app_01114,finance,tier_2
app_01115,gaming,tier_2
app_01116,gaming,tier_1
app_01117,ecommerce,tier_2
app_01118,social,tier_2
app_01119,utility,tier_2
app_01120,news,tier_1
app_01121,gaming,tier_2
app_01122,utility,tier_2
app_01123,gaming,tier_2
app_01124,entertainment,tier_1
app_01125,entertainment,tier_1
app_01126,entertainment,tier_2
app_01127,ecommerce,tier_1
app_01128,news,tier_2
app_01129,finance,tier_3
app_01130,finance,tier_2
app_01131,entertainment,tier_3
app_01132,gaming,tier_1
app_01133,ecommerce,tier_1
app_01134,finance,tier_3
app_01135,social,tier_3
app_01136,entertainment,tier_3
app_01137,entertainment,tier_1
app_01138,gaming,tier_3
app_01139,news,tier_2
app_01140,social,tier_2
app_01141,ecommerce,tier_1
app_01142,utility,tier_3
app_01143,utility,tier_1
app_01144,entertainment,tier_3
app_01145,social,tier_2
app_01146,ecommerce,tier_3
app_01147,utility,tier_3
app_01148,entertainment,tier_3
app_01149,utility,tier_1
app_01150,gaming,tier_1
app_01151,utility,tier_2
app_01152,gaming,tier_2
app_01153,gaming,tier_1
app_01154,entertainment,tier_1
app_01155,gaming,tier_2
app_01156,gaming,tier_1
app_01157,gaming,tier_1
app_01158,entertainment,tier_3
app_01159,ecommerce,tier_2
app_01160,gaming,tier_3
app_01161,news,tier_3
app_01162,utility,tier_1
app_01163,gaming,tier_3
app_01164,gaming,tier_2
app_01165,utility,tier_2
app_01166,utility,tier_1
app_01167,entertainment,tier_1
app_01168,utility,tier_1
app_01169,gaming,tier_2
app_01170,social,tier_3
app_01171,ecommerce,tier_2
app_01172,social,tier_3
app_01173,ecommerce,tier_3
app_01174,entertainment,tier_2
app_01175,ecommerce,tier_1
app_01176,entertainment,tier_3
app_01177,social,tier_2
app_01178,gaming,tier_1
app_01179,gaming,tier_2
app_01180,ecommerce,tier_3
app_01181,gaming,tier_2
app_01182,gaming,tier_2
app_01183,gaming,tier_1
app_01184,gaming,tier_1
app_01185,utility,tier_1
app_01186,social,tier_3
app_01187,finance,tier_3
app_01188,gaming,tier_1
app_01189,news,tier_2
app_01190,entertainment,tier_1
app_01191,social,tier_1
app_01192,utility,tier_2
app_01193,finance,tier_2
app_01194,utility,tier_2
app_01195,gaming,tier_2
app_01196,gaming,tier_2
app_01197,news,tier_1
app_01198,social,tier_1
app_01199,ecommerce,tier_3
app_01200,news,tier_3
app_01201,entertainment,tier_3
app_01202,utility,tier_3
app_01203,ecommerce,tier_2
app_01204,gaming,tier_3
app_01205,gaming,tier_2
app_01206,news,tier_1
app_01207,entertainment,tier_1
app_01208,social,tier_1
app_01209,entertainment,tier_1
app_01210,ecommerce,tier_2
app_01211,utility,tier_3
app_01212,news,tier_3
app_01213,social,tier_2
app_01214,social,tier_1
app_01215,entertainment,tier_3
app_01216,social,tier_2
app_01217,news,tier_1
app_01218,news,tier_2
app_01219,gaming,tier_2
app_01220,gaming,tier_2
app_01221,gaming,tier_3
app_01222,utility,tier_3
app_01223,news,tier_2
app_01224,gaming,tier_1
app_01225,utility,tier_3
app_01226,entertainment,tier_2
app_01227,entertainment,tier_1
app_01228,finance,tier_2
app_01229,gaming,tier_2
app_01230,gaming,tier_2
app_01231,news,tier_1
app_01232,gaming,tier_2
app_01233,news,tier_1
app_01234,gaming,tier_1
app_01235,gaming,tier_1
app_01236,gaming,tier_3
app_01237,entertainment,tier_2
app_01238,gaming,tier_2
app_01239,gaming,tier_2
app_01240,utility,tier_3
app_01241,social,tier_2
app_01242,social,tier_3
app_01243,gaming,tier_2
app_01244,social,tier_1
app_01245,social,tier_2
app_01246,news,tier_2
app_01247,gaming,tier_3
app_01248,utility,tier_3
app_01249,finance,tier_2
app_01250,gaming,tier_3
app_01251,gaming,tier_2
app_01252,gaming,tier_2
app_01253,news,tier_2
app_01254,gaming,tier_1
app_01255,utility,tier_3
app_01256,ecommerce,tier_1
app_01257,utility,tier_2
app_01258,entertainment,tier_2
app_01259,finance,tier_1
app_01260,gaming,tier_1
app_01261,entertainment,tier_2
app_01262,social,tier_1
app_01263,finance,tier_2
app_01264,news,tier_2
app_01265,utility,tier_2
app_01266,gaming,tier_1
app_01267,finance,tier_3
app_01268,entertainment,tier_3
app_01269,entertainment,tier_1
app_01270,finance,tier_3
app_01271,social,tier_2
app_01272,social,tier_2
app_01273,news,tier_3
app_01274,gaming,tier_3
app_01275,social,tier_3
app_01276,gaming,tier_2
app_01277,gaming,tier_2
app_01278,utility,tier_2
app_01279,news,tier_1
app_01280,social,tier_2
app_01281,entertainment,tier_1
app_01282,entertainment,tier_2
app_01283,news,tier_1
app_01284,finance,tier_1
app_01285,finance,tier_2
app_01286,social,tier_2
app_01287,social,tier_2
app_01288,entertainment,tier_1
app_01289,news,tier_2
app_01290,entertainment,tier_2
app_01291,news,tier_3
app_01292,entertainment,tier_2
app_01293,social,tier_2
app_01294,social,tier_2
app_01295,social,tier_3
app_01296,gaming,tier_3
app_01297,gaming,tier_2
app_01298,ecommerce,tier_2
app_01299,social,tier_1
app_01300,gaming,tier_3
app_01301,news,tier_2
app_01302,ecommerce,tier_2
app_01303,social,tier_3
app_01304,utility,tier_3
app_01305,finance,tier_1
app_01306,news,tier_1
app_01307,news,tier_1
app_01308,gaming,tier_2
app_01309,finance,tier_1
app_01310,social,tier_3
app_01311,finance,tier_3
app_01312,news,tier_2
app_01313,gaming,tier_2
app_01314,gaming,tier_2
app_01315,ecommerce,tier_1
app_01316,news,tier_3
app_01317,gaming,tier_1
app_01318,ecommerce,tier_1
app_01319,utility,tier_2
app_01320,entertainment,tier_1
app_01321,entertainment,tier_2
app_01322,gaming,tier_3
app_01323,ecommerce,tier_3
app_01324,social,tier_2
app_01325,utility,tier_3
app_01326,social,tier_2
app_01327,news,tier_3
app_01328,social,tier_2
app_01329,gaming,tier_2
app_01330,ecommerce,tier_3
app_01331,entertainment,tier_2
app_01332,entertainment,tier_1
app_01333,finance,tier_2
app_01334,finance,tier_2
app_01335,utility,tier_2
app_01336,gaming,tier_2
app_01337,news,tier_3
app_01338,utility,tier_2
app_01339,social,tier_2
app_01340,gaming,tier_2
app_01341,utility,tier_3
app_01342,entertainment,tier_1
app_01343,news,tier_1
app_01344,finance,tier_2
app_01345,news,tier_2
app_01346,entertainment,tier_3
app_01347,social,tier_2
app_01348,entertainment,tier_3
app_01349,gaming,tier_2
app_01350,ecommerce,tier_1
app_01351,utility,tier_1
app_01352,social,tier_1
app_01353,social,tier_2
app_01354,utility,tier_2
app_01355,gaming,tier_2
app_01356,entertainment,tier_2
app_01357,entertainment,tier_2
app_01358,ecommerce,tier_2
app_01359,gaming,tier_2
app_01360,news,tier_2
app_01361,social,tier_2
app_01362,news,tier_2
app_01363,gaming,tier_2
app_01364,entertainment,tier_2
app_01365,entertainment,tier_2
app_01366,gaming,tier_2
app_01367,gaming,tier_2
app_01368,gaming,tier_1
app_01369,social,tier_2
app_01370,gaming,tier_3
app_01371,finance,tier_1
app_01372,entertainment,tier_3
app_01373,utility,tier_1
app_01374,finance,tier_2
app_01375,gaming,tier_2
app_01376,news,tier_1
app_01377,utility,tier_3
app_01378,news,tier_2
app_01379,entertainment,tier_3
app_01380,entertainment,tier_2
app_01381,gaming,tier_3
app_01382,entertainment,tier_3
app_01383,finance,tier_2
app_01384,finance,tier_2
app_01385,gaming,tier_2
app_01386,ecommerce,tier_2
app_01387,social,tier_3
app_01388,utility,tier_2
app_01389,gaming,tier_2
app_01390,finance,tier_1
app_01391,utility,tier_2
app_01392,gaming,tier_3
app_01393,gaming,tier_1
app_01394,utility,tier_3
app_01395,gaming,tier_3
app_01396,entertainment,tier_1
app_01397,utility,tier_1
app_01398,news,tier_2
app_01399,social,tier_2
app_01400,entertainment,tier_1
app_01401,gaming,tier_3
app_01402,finance,tier_2
app_01403,social,tier_3
app_01404,gaming,tier_3
app_01405,social,tier_3
app_01406,finance,tier_2
app_01407,gaming,tier_2
app_01408,utility,tier_2
app_01409,ecommerce,tier_1
app_01410,utility,tier_2
app_01411,finance,tier_1
app_01412,utility,tier_2
app_01413,finance,tier_1
app_01414,gaming,tier_2
app_01415,ecommerce,tier_2
app_01416,entertainment,tier_2
app_01417,entertainment,tier_3
app_01418,utility,tier_1
app_01419,finance,tier_3
app_01420,ecommerce,tier_3
app_01421,entertainment,tier_2
app_01422,entertainment,tier_2
app_01423,social,tier_2
app_01424,social,tier_1
app_01425,social,tier_2
app_01426,gaming,tier_1
app_01427,gaming,tier_3
app_01428,ecommerce,tier_3
app_01429,entertainment,tier_3
app_01430,finance,tier_2
app_01431,news,tier_2
app_01432,gaming,tier_3
app_01433,gaming,tier_2
app_01434,gaming,tier_1
app_01435,finance,tier_2
app_01436,gaming,tier_2
app_01437,entertainment,tier_2
app_01438,finance,tier_1
app_01439,finance,tier_2
app_01440,gaming,tier_2
app_01441,gaming,tier_1
app_01442,gaming,tier_1
app_01443,gaming,tier_2
app_01444,gaming,tier_3
app_01445,news,tier_2
app_01446,utility,tier_2
app_01447,entertainment,tier_3
app_01448,news,tier_2
app_01449,gaming,tier_3
app_01450,utility,tier_2
app_01451,news,tier_2
app_01452,utility,tier_1
app_01453,finance,tier_1
app_01454,social,tier_3
app_01455,gaming,tier_3
app_01456,gaming,tier_3
app_01457,entertainment,tier_3
app_01458,finance,tier_1
app_01459,social,tier_3
app_01460,ecommerce,tier_2
app_01461,entertainment,tier_3
app_01462,gaming,tier_1
app_01463,social,tier_2
app_01464,news,tier_3
app_01465,news,tier_3
app_01466,entertainment,tier_2
app_01467,gaming,tier_2
app_01468,ecommerce,tier_2
app_01469,gaming,tier_3
app_01470,finance,tier_2
app_01471,gaming,tier_2
app_01472,gaming,tier_2
app_01473,entertainment,tier_2
app_01474,entertainment,tier_2
app_01475,entertainment,tier_2
app_01476,entertainment,tier_3
app_01477,finance,tier_3
app_01478,entertainment,tier_3
app_01479,entertainment,tier_2
app_01480,entertainment,tier_2
app_01481,gaming,tier_3
app_01482,news,tier_3
app_01483,gaming,tier_2
app_01484,news,tier_2
app_01485,gaming,tier_3
app_01486,finance,tier_2
app_01487,entertainment,tier_3
app_01488,utility,tier_2
app_01489,entertainment,tier_2
app_01490,gaming,tier_2
app_01491,utility,tier_1
app_01492,news,tier_3
app_01493,ecommerce,tier_2
app_01494,entertainment,tier_1
app_01495,news,tier_3
app_01496,utility,tier_3
app_01497,news,tier_3
app_01498,social,tier_2
app_01499,news,tier_3
app_01500,news,tier_2
app_01501,finance,tier_2
app_01502,social,tier_1
app_01503,entertainment,tier_2
app_01504,utility,tier_3
app_01505,entertainment,tier_2
app_01506,ecommerce,tier_2
app_01507,entertainment,tier_3
app_01508,gaming,tier_2
app_01509,ecommerce,tier_2
app_01510,gaming,tier_3
app_01511,gaming,tier_3
app_01512,news,tier_3
app_01513,ecommerce,tier_3
app_01514,utility,tier_3
app_01515,social,tier_3
app_01516,gaming,tier_2
app_01517,finance,tier_1
app_01518,gaming,tier_2
app_01519,gaming,tier_3
app_01520,social,tier_2
app_01521,entertainment,tier_3
app_01522,utility,tier_1
app_01523,ecommerce,tier_2
app_01524,ecommerce,tier_2
app_01525,gaming,tier_2
app_01526,social,tier_1
app_01527,entertainment,tier_1
app_01528,gaming,tier_3
app_01529,social,tier_2
app_01530,social,tier_1
app_01531,gaming,tier_1
app_01532,entertainment,tier_2
app_01533,ecommerce,tier_1
app_01534,gaming,tier_3
app_01535,entertainment,tier_3
app_01536,ecommerce,tier_2
app_01537,ecommerce,tier_2
app_01538,utility,tier_1
app_01539,entertainment,tier_2
app_01540,utility,tier_3
app_01541,social,tier_2
app_01542,social,tier_3
app_01543,gaming,tier_2
app_01544,entertainment,tier_2
app_01545,social,tier_2
app_01546,social,tier_2
app_01547,ecommerce,tier_3
app_01548,social,tier_1
app_01549,social,tier_3
app_01550,gaming,tier_3
app_01551,entertainment,tier_2
app_01552,social,tier_2
app_01553,social,tier_2
app_01554,gaming,tier_2
app_01555,ecommerce,tier_3
app_01556,finance,tier_2
app_01557,entertainment,tier_3
app_01558,news,tier_2
app_01559,utility,tier_2
app_01560,finance,tier_3
app_01561,news,tier_2
app_01562,utility,tier_3
app_01563,utility,tier_1
app_01564,ecommerce,tier_3
app_01565,entertainment,tier_3
app_01566,gaming,tier_3
app_01567,gaming,tier_2
app_01568,entertainment,tier_3
app_01569,entertainment,tier_2
app_01570,entertainment,tier_3
app_01571,news,tier_1
app_01572,entertainment,tier_2
app_01573,utility,tier_2
app_01574,gaming,tier_2
app_01575,gaming,tier_2
app_01576,ecommerce,tier_3
app_01577,utility,tier_2
app_01578,finance,tier_3
app_01579,utility,tier_1
app_01580,utility,tier_3
app_01581,social,tier_3
app_01582,entertainment,tier_2
app_01583,social,tier_3
app_01584,news,tier_3
app_01585,finance,tier_3
app_01586,social,tier_2
app_01587,entertainment,tier_2
app_01588,social,tier_3
app_01589,gaming,tier_2
app_01590,gaming,tier_3
app_01591,gaming,tier_2
app_01592,finance,tier_3
app_01593,entertainment,tier_1
app_01594,utility,tier_1
app_01595,ecommerce,tier_3
app_01596,gaming,tier_3
app_01597,gaming,tier_3
app_01598,utility,tier_3
app_01599,social,tier_2
app_01600,utility,tier_2
app_01601,gaming,tier_1
app_01602,news,tier_2
app_01603,utility,tier_2
app_01604,gaming,tier_3
app_01605,social,tier_1
app_01606,finance,tier_1
app_01607,social,tier_2
app_01608,entertainment,tier_1
app_01609,entertainment,tier_2
app_01610,social,tier_2
app_01611,ecommerce,tier_2
app_01612,ecommerce,tier_2
app_01613,social,tier_3
app_01614,utility,tier_2
app_01615,gaming,tier_2
app_01616,gaming,tier_2
app_01617,news,tier_1
app_01618,finance,tier_2
app_01619,gaming,tier_3
app_01620,gaming,tier_2
app_01621,entertainment,tier_2
app_01622,utility,tier_2
app_01623,gaming,tier_3
app_01624,social,tier_2
app_01625,ecommerce,tier_2
app_01626,social,tier_3
app_01627,gaming,tier_2
app_01628,gaming,tier_2
app_01629,entertainment,tier_1
app_01630,entertainment,tier_1
app_01631,utility,tier_3
app_01632,news,tier_2
app_01633,ecommerce,tier_2
app_01634,finance,tier_2
app_01635,entertainment,tier_1
app_01636,entertainment,tier_3
app_01637,finance,tier_2
app_01638,social,tier_3
app_01639,ecommerce,tier_2
app_01640,ecommerce,tier_2
app_01641,gaming,tier_1
app_01642,entertainment,tier_3
app_01643,gaming,tier_1
app_01644,gaming,tier_1
app_01645,entertainment,tier_3
app_01646,social,tier_2
app_01647,ecommerce,tier_2
app_01648,utility,tier_2
app_01649,utility,tier_3
app_01650,social,tier_2
app_01651,social,tier_2
app_01652,social,tier_2
app_01653,gaming,tier_2
app_01654,finance,tier_2
app_01655,entertainment,tier_1
app_01656,gaming,tier_1
app_01657,utility,tier_2
app_01658,social,tier_3
app_01659,gaming,tier_1
app_01660,gaming,tier_2
app_01661,news,tier_3
app_01662,ecommerce,tier_3
app_01663,gaming,tier_2
app_01664,utility,tier_2
app_01665,utility,tier_2
app_01666,utility,tier_2
app_01667,gaming,tier_1
app_01668,gaming,tier_2
app_01669,utility,tier_2
app_01670,social,tier_2
app_01671,news,tier_2
app_01672,ecommerce,tier_2
app_01673,gaming,tier_2
app_01674,ecommerce,tier_3
app_01675,finance,tier_3
app_01676,ecommerce,tier_2
app_01677,entertainment,tier_2
app_01678,utility,tier_2
app_01679,entertainment,tier_1
app_01680,ecommerce,tier_3
app_01681,utility,tier_1
app_01682,ecommerce,tier_2
app_01683,social,tier_2
app_01684,gaming,tier_1
app_01685,gaming,tier_1
app_01686,entertainment,tier_2
app_01687,entertainment,tier_3
app_01688,news,tier_2
app_01689,social,tier_2
app_01690,ecommerce,tier_1
app_01691,utility,tier_2
app_01692,social,tier_1
app_01693,ecommerce,tier_2
app_01694,news,tier_3
app_01695,entertainment,tier_2
app_01696,gaming,tier_2
app_01697,ecommerce,tier_1
app_01698,finance,tier_1
app_01699,ecommerce,tier_2
app_01700,utility,tier_3
app_01701,finance,tier_2
app_01702,social,tier_2
app_01703,news,tier_2
app_01704,entertainment,tier_1
app_01705,finance,tier_1
app_01706,gaming,tier_2
app_01707,entertainment,tier_2
app_01708,utility,tier_2
app_01709,social,tier_3
app_01710,ecommerce,tier_3
app_01711,social,tier_3
app_01712,finance,tier_3
app_01713,utility,tier_3
app_01714,social,tier_3
app_01715,ecommerce,tier_3
app_01716,social,tier_3
app_01717,news,tier_3
app_01718,news,tier_3
app_01719,utility,tier_2
app_01720,gaming,tier_2
app_01721,gaming,tier_2
app_01722,ecommerce,tier_3
app_01723,news,tier_2
app_01724,entertainment,tier_3
app_01725,gaming,tier_3
app_01726,social,tier_3
app_01727,utility,tier_2
app_01728,gaming,tier_3
app_01729,social,tier_3
app_01730,finance,tier_3
app_01731,gaming,tier_3
app_01732,ecommerce,tier_2
app_01733,social,tier_2
app_01734,utility,tier_1
app_01735,ecommerce,tier_3
app_01736,utility,tier_2
app_01737,gaming,tier_3
app_01738,entertainment,tier_3
app_01739,ecommerce,tier_2
app_01740,social,tier_2
app_01741,gaming,tier_1
app_01742,gaming,tier_3
app_01743,finance,tier_2
app_01744,ecommerce,tier_1
app_01745,news,tier_3
app_01746,ecommerce,tier_2
app_01747,entertainment,tier_3
app_01748,entertainment,tier_2
app_01749,entertainment,tier_2
app_01750,news,tier_1
app_01751,gaming,tier_2
app_01752,utility,tier_2
app_01753,utility,tier_3
app_01754,social,tier_2
app_01755,news,tier_2
app_01756,gaming,tier_2
app_01757,finance,tier_2
app_01758,utility,tier_3
app_01759,finance,tier_1
app_01760,social,tier_3
app_01761,gaming,tier_2
app_01762,gaming,tier_1
app_01763,gaming,tier_2
app_01764,gaming,tier_1
app_01765,gaming,tier_3
app_01766,finance,tier_2
app_01767,gaming,tier_2
app_01768,gaming,tier_2
app_01769,utility,tier_2
app_01770,news,tier_3
app_01771,ecommerce,tier_3
app_01772,news,tier_2
app_01773,utility,tier_3
app_01774,news,tier_3
app_01775,entertainment,tier_2
app_01776,ecommerce,tier_3
app_01777,entertainment,tier_1
app_01778,social,tier_3
app_01779,entertainment,tier_3
app_01780,gaming,tier_1
app_01781,ecommerce,tier_3
app_01782,social,tier_3
app_01783,gaming,tier_2
app_01784,social,tier_2
app_01785,utility,tier_3
app_01786,social,tier_3
app_01787,ecommerce,tier_1
app_01788,utility,tier_2
app_01789,gaming,tier_2
app_01790,ecommerce,tier_2
app_01791,social,tier_2
app_01792,gaming,tier_1
app_01793,ecommerce,tier_1
app_01794,utility,tier_2
app_01795,social,tier_2
app_01796,news,tier_2
app_01797,social,tier_3
app_01798,entertainment,tier_2
app_01799,news,tier_2
app_01800,news,tier_1
app_01801,news,tier_2
app_01802,gaming,tier_2
app_01803,ecommerce,tier_1
app_01804,news,tier_1
app_01805,ecommerce,tier_1
app_01806,gaming,tier_2
app_01807,entertainment,tier_2
app_01808,entertainment,tier_3
app_01809,gaming,tier_3
app_01810,gaming,tier_2
app_01811,entertainment,tier_1
app_01812,ecommerce,tier_2
app_01813,gaming,tier_1
app_01814,utility,tier_2
app_01815,entertainment,tier_2
app_01816,ecommerce,tier_2
app_01817,entertainment,tier_2
app_01818,entertainment,tier_2
app_01819,news,tier_3
app_01820,finance,tier_3
app_01821,entertainment,tier_2
app_01822,entertainment,tier_2
app_01823,news,tier_1
app_01824,ecommerce,tier_3
app_01825,gaming,tier_2
app_01826,entertainment,tier_2
app_01827,entertainment,tier_2
app_01828,finance,tier_3
app_01829,entertainment,tier_2
app_01830,entertainment,tier_2
app_01831,finance,tier_2
app_01832,entertainment,tier_2
app_01833,gaming,tier_2
app_01834,gaming,tier_2
app_01835,gaming,tier_2
app_01836,gaming,tier_2
app_01837,entertainment,tier_1
app_01838,ecommerce,tier_3
app_01839,ecommerce,tier_2
app_01840,gaming,tier_2
app_01841,news,tier_2
app_01842,gaming,tier_2
app_01843,finance,tier_2
app_01844,gaming,tier_3
app_01845,news,tier_2
app_01846,social,tier_3
app_01847,news,tier_3
app_01848,entertainment,tier_2
app_01849,ecommerce,tier_2
app_01850,gaming,tier_2
app_01851,utility,tier_2
app_01852,entertainment,tier_2
app_01853,ecommerce,tier_2
app_01854,utility,tier_2
app_01855,finance,tier_2
app_01856,gaming,tier_3
app_01857,social,tier_2
app_01858,social,tier_3
app_01859,social,tier_1
app_01860,news,tier_2
app_01861,finance,tier_1
app_01862,finance,tier_2
app_01863,entertainment,tier_2
app_01864,news,tier_3
app_01865,utility,tier_2
app_01866,finance,tier_2
app_01867,gaming,tier_2
app_01868,entertainment,tier_2
app_01869,utility,tier_2
app_01870,social,tier_2
app_01871,entertainment,tier_2
app_01872,finance,tier_1
app_01873,finance,tier_1
app_01874,utility,tier_3
app_01875,ecommerce,tier_2
app_01876,social,tier_1
app_01877,social,tier_3
app_01878,entertainment,tier_1
app_01879,news,tier_2
app_01880,entertainment,tier_3
app_01881,news,tier_3
app_01882,entertainment,tier_3
app_01883,ecommerce,tier_2
app_01884,social,tier_3
app_01885,social,tier_1
app_01886,gaming,tier_3
app_01887,gaming,tier_3
app_01888,utility,tier_3
app_01889,entertainment,tier_2
app_01890,gaming,tier_1
app_01891,ecommerce,tier_2
app_01892,entertainment,tier_2
app_01893,gaming,tier_2
app_01894,social,tier_3
app_01895,gaming,tier_2
app_01896,news,tier_2
app_01897,social,tier_2
app_01898,gaming,tier_1
app_01899,gaming,tier_1
app_01900,news,tier_1
app_01901,gaming,tier_3
app_01902,utility,tier_3
app_01903,gaming,tier_2
app_01904,news,tier_2
app_01905,entertainment,tier_2
app_01906,entertainment,tier_3
app_01907,gaming,tier_3
app_01908,utility,tier_2
app_01909,utility,tier_3
app_01910,gaming,tier_2
app_01911,gaming,tier_2
app_01912,utility,tier_3
app_01913,entertainment,tier_2
app_01914,gaming,tier_2
app_01915,gaming,tier_2
app_01916,news,tier_2
app_01917,ecommerce,tier_2
app_01918,news,tier_2
app_01919,finance,tier_2
app_01920,entertainment,tier_2
app_01921,social,tier_3
app_01922,entertainment,tier_2
app_01923,social,tier_3
app_01924,gaming,tier_2
app_01925,gaming,tier_2
app_01926,social,tier_2
app_01927,ecommerce,tier_3
app_01928,gaming,tier_1
app_01929,entertainment,tier_3
app_01930,news,tier_2
app_01931,news,tier_2
app_01932,ecommerce,tier_2
app_01933,utility,tier_1
app_01934,ecommerce,tier_2
app_01935,gaming,tier_2
app_01936,entertainment,tier_2
app_01937,news,tier_2
app_01938,social,tier_2
app_01939,gaming,tier_1
app_01940,gaming,tier_1
app_01941,entertainment,tier_1
app_01942,entertainment,tier_1
app_01943,gaming,tier_2
app_01944,utility,tier_1
app_01945,finance,tier_3
app_01946,gaming,tier_2
app_01947,finance,tier_1
app_01948,gaming,tier_3
app_01949,finance,tier_2
app_01950,finance,tier_2
app_01951,gaming,tier_3
app_01952,ecommerce,tier_3
app_01953,finance,tier_3
app_01954,utility,tier_1
app_01955,finance,tier_2
app_01956,entertainment,tier_3
app_01957,gaming,tier_3
app_01958,utility,tier_1
app_01959,news,tier_2
app_01960,news,tier_2
app_01961,entertainment,tier_1
app_01962,news,tier_2
app_01963,gaming,tier_2
app_01964,ecommerce,tier_2
app_01965,gaming,tier_1
app_01966,ecommerce,tier_2
app_01967,utility,tier_1
app_01968,entertainment,tier_2
app_01969,entertainment,tier_1
app_01970,social,tier_3
app_01971,finance,tier_1
app_01972,ecommerce,tier_2
app_01973,social,tier_1
app_01974,gaming,tier_1
app_01975,gaming,tier_2
app_01976,entertainment,tier_1
app_01977,finance,tier_1
app_01978,ecommerce,tier_2
app_01979,gaming,tier_2
app_01980,utility,tier_1
app_01981,social,tier_2
app_01982,utility,tier_2
app_01983,social,tier_2
app_01984,news,tier_2
app_01985,finance,tier_1
app_01986,social,tier_2
app_01987,ecommerce,tier_2
app_01988,finance,tier_3
app_01989,gaming,tier_3
app_01990,gaming,tier_3
app_01991,news,tier_2
app_01992,social,tier_1
app_01993,gaming,tier_2
app_01994,entertainment,tier_2
app_01995,ecommerce,tier_1
app_01996,social,tier_1
app_01997,social,tier_2
app_01998,utility,tier_2
app_01999,entertainment,tier_1
