"minute_ts","concurrent_sessions"
1784043780,1
1784043840,1
1784043900,1
1784044080,1
1784044140,1
1784044200,1
1784044260,1
1784044320,1
1784044380,1
1784044560,1
1784044620,1
1784044680,1
1784044740,1
1784044800,1
1784045760,1
1784045820,1
1784047260,1
1784047320,1
1784047380,1
1784047440,1
1784047500,1
1784047560,1
1784047620,1
1784047680,1
1784047740,1
1784047980,1
1784637360,1
1784637420,1
1784637480,1
1784637540,1
1784637600,1
1784637660,1
1784638860,1
1784638920,1
1784638980,1
1784639040,1
1784639100,1
1784639160,1
1784639220,1
1784639280,1
1784639340,1
1784658900,1
1784658960,1
1784659020,1
1784659080,1
1784659140,1
1784659200,1
1784679060,1
1784679120,1
1784679180,1
1784679240,1
1784679300,1
1784679360,1
1784679420,1
1784679480,1
1784679540,1
1784680440,1
1784682360,1
1784682420,1
1784682480,1
1784682540,1
1784682600,1
1784682660,1
1784682720,1
1784682780,1
1784682840,1
1784682900,1
1784682960,1
1784683020,1
1784683080,1
1784683140,1
1784683200,1
1784683260,1
1784683320,1
1784683380,1
1784699700,1
1784699760,1
1784699820,1
1784699880,1
1784699940,1
1784700000,1
1784700060,1
1784700120,1
1784700180,1
1784700240,1
1784700300,1
1784700360,1
1784700420,1
1784700480,1
1784700540,1
1784700600,1
1784700660,1
1784700720,1
1784700780,1
1784700840,1
1784700900,1
1784700960,1
1784701020,1
1784701080,1
1784701140,1
1784701200,1
1784702760,1
1784702820,1
1784702880,1
1784702940,1
1784703000,1
1784703060,1
1784703120,1
1784703180,1
1784703240,1
1784703300,1
1784703360,1
1784703420,1
1784703480,1
1784703540,1
1784703600,1
1784703660,1
1784703720,1
1784703780,1
1784703840,1
1784703900,1
1784703960,1
1784704020,1
1784704080,1
1784704140,1
1784704200,1
1784704260,1
1784704320,1
1784704380,1
1784704440,1
1784704500,1
1784704560,1
1784704620,1
1784704740,1
1784704800,1
1784704860,1
1784704920,1
1784704980,1
1784705040,1
1784705100,1
1784705160,1
1784705220,1
1784705280,1
1784705340,1
1784705400,1
1784705460,1
1784705520,1
1784705580,1
1784705640,1
1784705700,1
1784705820,1
1784705880,1
1784705940,1
1784706000,2
1784706060,1
1784706120,1
1784706180,1
1784706240,1
1784706300,1
1784706360,1
1784706420,1
1784706480,1
1784706540,1
1784706600,1
1784706660,1
1784706720,1
1784706780,1
1784706840,1
1784706900,1
1784706960,1
1784707020,1
1784707080,1
1784707140,1
1784707200,1
1784707260,1
1784707320,1
1784707380,1
1784707440,1
1784707500,1
1784707560,1
1784707620,1
1784707680,1
1784714280,1
1784714340,1
1784714400,1
1784714460,1
1784714520,1
1784714640,1
1784714700,1
1784714760,1
1784714820,1
1784714880,1
1784714940,1
1784715000,1
1784715060,1
1784715120,1
1784715180,1
1784715240,1
1784715300,1
1784715360,1
1784715660,1
1784715720,1
1784715780,1
1784715840,1
1784715960,1
1784724360,1
1784724420,1
1784725080,1
1784725140,1
1784725200,1
1784725320,1
1784725380,1
1784725440,1
1784725500,1
1784725560,1
1784725620,1
1784725680,1
1784725740,1
1784725800,1
1784725860,1
1784725920,1
1784725980,1
1784726040,1
1784726100,1
1784726160,1
1784726220,1
1784726280,1
1784726340,1
1784726400,1
1784726460,1
1784726520,1
1784726580,1
1784726640,1
1784726700,1
1784726760,1
1784726820,1
1784726880,1
1784726940,1
1784727000,1
1784727060,1
1784727120,1
1784727180,1
1784727240,1
1784727300,1
1784727360,1
1784727540,1
1784727600,1
1784727660,1
1784727720,1
1784727780,1
1784728020,2
1784728080,2
1784728140,1
1784728200,2
1784728260,2
1784728320,2
1784728380,2
1784728440,2
1784728500,1
1784732280,1
1784732340,1
1784732400,1
1784732460,1
1784732520,1
1784732580,1
1784732640,1
1784732700,1
1784732760,1
1784732820,1
1784732880,1
1784732940,1
1784733000,1
1784733060,1
1784733120,1
1784733180,1
1784733240,2
1784733300,1
1784733360,1
1784733420,1
1784733480,1
1784733540,2
1784733600,2
1784733660,2
1784733720,2
1784733780,2
1784733840,2
1784733900,2
1784733960,2
1784734020,2
1784734080,2
1784734140,2
1784734200,2
1784734260,2
1784734320,2
1784734380,2
1784734440,3
1784734500,2
1784734560,1
1784734620,2
1784734680,2
1784734740,2
1784734800,2
1784734860,2
1784734920,2
1784734980,3
1784735040,3
1784735100,3
1784735160,2
1784735220,2
1784735280,2
1784735340,2
1784735400,2
1784735460,2
1784735520,2
1784735580,2
1784735640,1
1784735700,2
1784735760,2
1784735820,2
1784735880,2
1784735940,2
1784736000,2
1784736060,1
1784736120,1
1784736180,1
1784736240,1
1784736300,2
1784736360,2
1784736420,2
1784736480,2
1784736540,2
1784736600,3
1784736660,2
1784736720,2
1784736780,2
1784736840,2
1784736900,2
1784736960,1
1784737020,2
1784737080,2
1784737140,2
1784737200,2
1784737260,2
1784737320,2
1784737380,2
1784737440,2
1784737500,2
1784737560,2
1784737620,2
1784737680,2
1784737740,2
1784737800,2
1784737860,2
1784737920,2
1784737980,2
1784738040,2
1784738100,1
1784738160,1
1784738220,1
1784738280,1
1784738340,1
1784738400,1
1784738460,1
1784738520,1
1784738580,2
1784738640,1
1784738700,2
1784738760,2
1784738820,2
1784738880,2
1784738940,2
1784739000,2
1784739060,2
1784739120,1
1784739180,1
1784739240,2
1784739300,2
1784739360,2
1784739420,1
1784739480,2
1784739540,1
1784739600,1
1784739660,1
1784739720,1
1784739780,1
1784739840,1
1784740500,1
1784740560,1
1784740620,1
1784740680,1
1784740740,1
1784740800,1
1784740860,1
1784740920,2
1784740980,2
1784741040,2
1784741100,2
1784741160,1
1784741220,1
1784741280,1
1784741340,2
1784741520,1
1784741580,1
1784741640,1
1784741700,1
1784741760,1
1784741820,1
1784741880,1
1784741940,1
1784742000,2
1784742060,3
1784742120,3
1784742180,2
1784742240,1
1784742360,1
1784742420,1
1784742480,1
1784743140,1
1784743200,1
1784743260,1
1784743320,1
1784743380,2
1784743440,2
1784743500,1
1784743560,1
1784743620,1
1784743680,1
1784743740,1
1784745600,1
1784745660,1
1784745720,1
1784745780,1
1784745840,1
1784745900,1
1784745960,1
1784746020,1
1784746080,1
1784746140,1
1784746200,1
1784746260,1
1784746320,1
1784746380,1
1784746440,1
1784746500,2
1784746560,2
1784746620,2
1784746680,2
1784746740,2
1784746800,2
1784746860,2
1784746920,2
1784746980,2
1784747040,2
1784747100,1
1784747160,1
1784747220,1
1784747280,1
1784747340,1
1784747400,1
1784747460,1
1784747520,1
1784747580,1
1784747640,1
1784747700,1
1784747760,1
1784747820,1
1784747880,1
1784747940,1
1784748000,1
1784748060,1
1784748120,1
1784748180,1
1784748240,2
1784748300,1
1784748360,1
1784748420,1
1784748480,1
1784748540,1
1784748600,1
1784748660,1
1784748720,1
1784748780,1
1784748840,1
1784748900,1
1784748960,1
1784749020,1
1784749080,1
1784749140,1
1784749200,1
1784749260,1
1784749320,1
1784749380,1
1784749440,1
1784749500,1
1784749560,1
1784749620,1
1784749680,1
1784749740,1
1784749800,1
1784749860,1
1784749920,1
1784749980,1
1784750040,1
1784750100,1
1784750160,1
1784750220,1
1784750280,1
1784750340,1
1784750400,1
1784750460,1
1784750520,1
1784750580,1
1784750640,1
1784750700,1
1784750760,1
1784750820,1
1784750880,1
1784750940,1
1784771700,1
1784771760,1
1784771820,1
1784771880,1
1784771940,1
1784772000,1
1784772060,1
1784772120,1
1784774340,1
1784774400,1
1784776620,1
1784776680,1
1784781120,1
1784785500,1
1784785560,1
1784785620,1
1784785680,1
1784785740,1
1784785800,1
1784785860,1
1784785920,1
1784785980,1
1784786040,1
1784786100,1
1784786160,1
1784786220,1
1784786280,1
1784786340,1
1784786400,1
1784786460,1
1784786520,1
1784786580,1
1784789400,1
1784789460,1
1784789520,1
1784789580,1
1784789640,1
1784789700,1
1784789760,1
1784789820,1
1784789880,1
1784789940,1
1784790000,1
1784790060,1
1784790120,1
1784790180,1
1784790240,1
1784790300,1
1784790360,1
1784790420,1
1784790480,1
1784790540,1
1784790900,1
1784790960,1
1784791020,1
1784791080,1
1784791140,1
1784791920,1
1784791980,1
1784792040,1
1784792100,1
1784792160,1
1784792220,1
1784792280,1
1784792340,1
1784792400,1
1784792460,1
1784792520,1
1784792580,1
1784792640,1
1784792700,1
1784792760,1
1784792820,1
1784792880,1
1784792940,1
1784793000,1
1784793060,1
1784793120,1
1784793180,1
1784793240,1
1784793300,1
1784793360,1
1784793420,1
1784793480,1
1784793540,1
1784793600,1
1784793660,1
1784793780,1
1784793840,1
1784793900,1
1784793960,1
1784794020,2
1784794080,2
1784794140,2
1784794200,2
1784794260,2
1784794320,1
1784794380,1
1784794440,1
1784794500,1
1784794560,1
1784794620,1
1784794680,1
1784794740,1
1784794860,1
1784794920,1
1784795160,1
1784795220,1
1784795280,1
1784795340,1
1784795400,1
1784795460,1
1784795520,1
1784795580,1
1784795640,2
1784795700,2
1784795760,2
1784795820,2
1784795880,2
1784795940,2
1784796000,1
1784796060,1
1784796120,1
1784796180,1
1784796240,1
1784796300,1
1784796360,1
1784796420,1
1784796480,1
1784796540,2
1784796600,2
1784796660,2
1784796720,2
1784796780,2
1784796840,2
1784796900,2
1784796960,2
1784797020,2
1784797080,2
1784797140,2
1784797200,3
1784797260,3
1784797320,3
1784797380,3
1784797440,3
1784797500,3
1784797560,3
1784797620,3
1784797680,3
1784797740,2
1784797800,3
1784797860,3
1784797920,3
1784797980,3
1784798040,3
1784798100,3
1784798160,2
1784798220,2
1784798280,2
1784798340,1
1784798400,1
1784798460,1
1784798520,1
1784798580,1
1784798640,1
1784798700,1
1784798760,1
1784798820,1
1784798880,1
1784798940,1
1784799000,1
1784799060,1
1784799120,1
1784799180,1
1784799240,1
1784799300,1
1784799360,1
1784799420,2
1784799480,2
1784799540,1
1784799600,1
1784799660,1
1784799720,1
1784799780,1
1784799900,1
1784799960,1
1784800020,1
1784800080,1
1784800140,1
1784800200,1
1784800260,1
1784800320,1
1784800380,1
1784800440,1
1784803680,1
1784803740,1
1784803800,1
1784803860,1
1784803920,1
1784803980,1
1784805060,1
1784805120,1
1784805180,1
1784805240,1
1784805300,1
1784805360,1
1784805420,1
1784805480,1
1784805540,1
1784805600,1
1784805660,1
1784805720,1
1784805780,1
1784805840,1
1784805900,1
1784805960,2
1784806020,1
1784806080,1
1784806260,1
1784806320,1
1784806380,1
1784806440,1
1784806500,1
1784806560,1
1784806620,1
1784806680,1
1784806740,1
1784806800,1
1784806860,1
1784806920,1
1784806980,1
1784807040,1
1784807100,1
1784807160,1
1784807220,1
1784807280,1
1784807340,1
1784807400,1
1784807460,1
1784807520,1
1784807580,1
1784807640,1
1784807700,1
1784807760,2
1784807820,2
1784807880,2
1784807940,2
1784808000,2
1784808060,2
1784808120,2
1784808180,2
1784808240,1
1784808300,1
1784808360,1
1784808420,1
1784808480,1
1784808540,1
1784808600,1
1784808660,1
1784808720,1
1784808780,1
1784808840,1
1784808900,1
1784808960,1
1784809020,1
1784809080,1
1784809140,1
1784809200,1
1784809260,1
1784809320,1
1784809380,1
1784809440,1
1784809500,1
1784809560,1
1784809620,1
1784809680,1
1784809740,1
1784809800,2
1784809860,2
1784809920,2
1784809980,2
1784810040,2
1784810400,1
1784810460,1
1784810640,1
1784813220,1
1784813280,1
1784813340,1
1784813400,1
1784813460,1
1784813520,1
1784813580,1
1784813640,1
1784813700,1
1784813760,1
1784813820,1
1784813880,1
1784813940,1
1784814000,1
1784814060,2
1784814120,2
1784814180,3
1784814240,3
1784814300,2
1784814360,1
1784814420,1
1784814480,1
1784814540,1
1784814600,3
1784814660,3
1784814720,3
1784814780,2
1784814840,2
1784814900,2
1784814960,2
1784815020,3
1784815080,3
1784815140,4
1784815200,4
1784815260,3
1784815320,4
1784815380,4
1784815440,4
1784815500,4
1784815560,4
1784815620,3
1784815680,3
1784815740,2
1784815800,3
1784815860,2
1784815920,2
1784815980,2
1784816040,2
1784816100,2
1784816160,2
1784816220,2
1784816280,2
1784816340,1
1784816400,1
1784816460,1
1784816520,1
1784816580,1
1784816640,1
1784816700,1
1784816760,1
1784816820,1
1784816880,2
1784816940,2
1784817000,2
1784817060,2
1784817120,2
1784817180,2
1784817240,2
1784817300,1
1784817360,1
1784817420,1
1784817480,1
1784818500,1
1784818560,1
1784818620,1
1784818680,1
1784818740,1
1784818800,1
1784818860,1
1784818920,1
1784818980,2
1784819040,1
1784819100,2
1784819160,2
1784819220,2
1784819280,2
1784819340,2
1784819400,2
1784819460,2
1784819520,2
1784819580,2
1784819640,3
1784819700,3
1784819760,3
1784819820,2
1784819880,3
1784819940,3
1784820000,3
1784820060,3
1784820120,3
1784820180,1
1784820240,1
1784820300,2
1784820360,2
1784820420,2
1784820480,2
1784820540,2
1784820600,2
1784820660,2
1784820720,2
1784820780,3
1784820840,2
1784820900,2
1784820960,2
1784821020,2
1784821080,3
1784821140,3
1784821200,4
1784821260,4
1784821320,4
1784821380,2
1784821440,4
1784821500,4
1784821560,4
1784821620,4
1784821680,4
1784821740,4
1784821800,4
1784821860,3
1784821920,3
1784821980,4
1784822040,4
1784822100,5
1784822160,5
1784822220,5
1784822280,5
1784822340,5
1784822400,5
1784822460,5
1784822520,6
1784822580,6
1784822640,6
1784822700,5
1784822760,5
1784822820,7
1784822880,7
1784822940,6
1784823000,6
1784823060,4
1784823120,4
1784823180,4
1784823240,4
1784823300,4
1784823360,5
1784823420,5
1784823480,5
1784823540,6
1784823600,6
1784823660,5
1784823720,6
1784823780,6
1784823840,6
1784823900,6
1784823960,6
1784824020,5
1784824080,5
1784824140,5
1784824200,4
1784824260,4
1784824320,4
1784824380,4
1784824440,4
1784824500,4
1784824560,4
1784824620,4
1784824680,4
1784824740,4
1784824800,4
1784824860,4
1784824920,4
1784824980,4
1784825040,4
1784825100,4
1784825160,3
1784825220,4
1784825280,4
1784825340,5
1784825400,7
1784825460,6
1784825520,6
1784825580,6
1784825640,6
1784825700,6
1784825760,5
1784825820,5
1784825880,5
1784825940,5
1784826000,5
1784826060,5
1784826120,5
1784826180,4
1784826240,3
1784826300,2
1784826360,3
1784826420,3
1784826480,2
1784826540,2
1784826600,2
1784826660,2
1784826720,2
1784826780,2
1784826840,2
1784826900,3
1784826960,3
1784827020,3
1784827080,3
1784827140,3
1784827200,3
1784827260,3
1784827320,3
1784827380,4
1784827440,4
1784827500,3
1784827560,2
1784827620,2
1784827680,3
1784827740,3
1784827800,3
1784827860,3
1784827920,3
1784827980,3
1784828040,3
1784828100,3
1784828160,4
1784828220,4
1784828280,2
1784828340,2
1784828400,2
1784828460,2
1784828520,2
1784828580,2
1784828640,2
1784828700,2
1784828760,2
1784828820,2
1784828880,2
1784828940,2
1784829000,2
1784829060,1
1784829120,1
1784829180,1
1784829240,1
1784829720,1
1784829780,1
1784829840,1
1784829900,1
1784829960,1
1784830020,1
1784830080,1
1784830140,1
1784830200,1
1784830260,1
1784830320,1
1784830380,2
1784830440,1
1784830500,1
1784830560,1
1784830620,1
1784830680,1
1784830740,1
1784830800,1
1784830980,1
1784831040,1
1784831100,1
1784831160,1
1784831220,1
1784831280,1
1784831340,1
1784831400,1
1784831460,1
1784831520,1
1784831580,1
1784831640,2
1784831700,2
1784831760,2
1784831820,1
1784831880,1
1784831940,1
1784832000,1
1784832060,1
1784832120,1
1784832180,1
1784832240,1
1784832300,1
1784832360,1
1784832420,1
1784832480,1
1784832540,1
1784832600,1
1784832660,1
1784832720,1
1784832780,1
1784832840,1
1784832900,1
1784832960,1
1784833020,1
1784833080,1
1784833140,1
1784833200,1
1784833260,1
1784833320,1
1784833380,1
1784833440,1
1784833560,1
1784833620,1
1784833680,1
1784833740,1
1784833800,1
1784833860,1
1784833920,1
1784833980,1
1784834040,1
1784834100,1
1784834160,1
1784834220,1
1784837700,1
1784837760,1
1784837820,1
1784837880,1
1784845800,1
1784845920,1
1784859960,1
1784860020,1
1784860080,2
1784860140,2
1784860200,2
1784860260,2
1784860320,3
1784860380,2
1784860440,2
1784860500,3
1784860560,2
1784860620,2
1784860680,2
1784860740,2
1784860800,2
1784860860,2
1784860920,2
1784860980,3
1784861040,2
1784861100,2
1784861160,2
1784861220,2
1784861280,2
1784861340,2
1784861400,2
1784861460,2
1784861520,2
1784861580,2
1784861640,2
1784861700,2
1784861760,2
1784861820,2
1784861880,2
1784861940,2
1784862000,2
1784862060,2
1784862120,1
1784862180,1
1784862240,1
1784862300,1
1784862360,1
1784862420,1
1784862480,1
1784862540,1
1784862600,1
1784863560,1
1784863620,1
1784864160,1
1784864220,1
1784864280,1
1784864460,1
1784864520,1
1784864580,1
1784864640,1
1784864700,1
1784864760,1
1784864820,1
1784864880,1
1784864940,1
1784865000,1
1784865060,1
1784865120,1
1784865180,1
1784865240,1
1784865300,1
1784865360,1
1784865420,1
1784865480,1
1784865540,1
1784865600,1
1784865660,2
1784865720,2
1784865780,2
1784865840,3
1784865900,3
1784865960,3
1784866020,3
1784866080,3
1784866140,3
1784866200,3
1784866260,3
1784866320,3
1784866380,3
1784866440,2
1784866500,2
1784866560,2
1784866620,2
1784866680,2
1784866740,2
1784866800,2
1784866860,2
1784866920,2
1784866980,2
1784867040,1
1784867100,1
1784867160,1
1784867220,1
1784867280,1
1784867340,1
1784867400,1
1784867460,1
1784867520,1
1784867580,1
1784867640,1
1784867700,1
1784867760,1
1784869380,1
1784869440,1
1784869500,1
1784869560,1
1784869620,1
1784869680,1
1784869740,1
1784869800,1
1784869860,1
1784869920,1
1784869980,1
1784870040,1
1784870280,1
1784870340,1
1784870400,1
1784870460,1
1784870520,1
1784870580,1
1784870640,1
1784870700,1
1784870760,1
1784870820,1
1784870880,1
1784870940,1
1784871000,1
1784871060,1
1784871120,1
1784871180,1
1784871240,1
1784871300,1
1784871360,1
1784871420,1
1784871480,1
1784871540,1
1784871600,1
1784871660,1
1784871720,1
1784871780,1
1784871840,1
1784871900,1
1784871960,1
1784872380,1
1784872440,1
1784872500,1
1784872560,1
1784872620,1
1784872860,1
1784872920,1
1784872980,1
1784873040,1
1784873100,1
1784873160,1
1784873220,1
1784873280,1
1784873340,1
1784873400,1
1784873460,1
1784873520,1
1784873580,1
1784873640,1
1784873700,1
1784873760,1
1784873820,1
1784873880,3
1784873940,2
1784874000,2
1784874060,2
1784874120,2
1784874180,3
1784874240,2
1784874300,3
1784874360,2
1784874420,2
1784874480,2
1784874540,2
1784874600,1
1784874660,1
1784874720,2
1784874780,2
1784874840,2
1784874900,2
1784874960,2
1784875020,2
1784875080,2
1784875140,2
1784875200,1
1784875260,1
1784875320,1
1784876580,1
1784876640,1
1784876700,1
1784876940,1
1784877000,1
1784877060,1
1784877120,1
1784877180,1
1784877240,1
1784877300,1
1784877360,1
1784877420,1
1784877480,1
1784880060,1
1784880120,2
1784880180,1
1784880240,1
1784880300,1
1784880360,1
1784880420,1
1784880480,1
1784880540,1
1784880600,1
1784880660,1
1784880720,1
1784880780,1
1784880840,1
1784880900,2
1784880960,2
1784881020,2
1784881080,2
1784881140,2
1784881200,2
1784881260,2
1784881320,2
1784881380,2
1784881440,2
1784881500,2
1784881560,2
1784881620,2
1784881680,2
1784881740,2
1784881800,2
1784881860,2
1784881920,1
1784881980,1
1784882040,1
1784882100,1
1784882160,1
1784882220,1
1784882280,1
1784882340,1
1784882400,1
1784882460,1
1784882520,1
1784882580,2
1784882640,1
1784882700,1
1784882760,1
1784882820,1
1784882880,1
1784882940,2
1784883000,2
1784883060,2
1784883120,2
1784883180,2
1784883240,2
1784883300,2
1784883360,1
1784888280,1
1784888340,1
1784888400,1
1784888460,1
1784888520,1
1784888640,1
1784888700,1
1784888760,1
1784888820,1
1784888880,1
1784888940,1
1784889000,1
1784889060,1
1784889120,1
1784889180,1
1784889600,1
1784889660,2
1784889720,2
1784889780,2
1784889840,2
1784889900,1
1784889960,1
1784890020,2
1784890080,3
1784890140,3
1784890200,2
1784890260,2
1784890320,2
1784890380,2
1784890440,2
1784890500,2
1784890560,4
1784890620,4
1784890680,4
1784890740,4
1784890800,4
1784890860,4
1784890920,5
1784890980,4
1784891040,4
1784891100,4
1784891160,5
1784891220,5
1784891280,4
1784891340,4
1784891400,5
1784891460,5
1784891520,5
1784891580,6
1784891640,6
1784891700,5
1784891760,5
1784891820,6
1784891880,6
1784891940,6
1784892000,5
1784892060,5
1784892120,5
1784892180,4
1784892240,3
1784892300,3
1784892360,3
1784892420,3
1784892480,3
1784892540,3
1784892600,3
1784892660,2
1784892720,2
1784892780,3
1784892840,3
1784892900,3
1784892960,3
1784893020,2
1784893080,2
1784893140,2
1784893200,2
1784893260,2
1784893320,3
1784893380,4
1784893440,4
1784893500,4
1784893560,4
1784893620,4
1784893680,4
1784893740,4
1784893800,4
1784893860,4
1784893920,4
1784893980,4
1784894040,4
1784894100,4
1784894160,3
1784894220,3
1784894280,5
1784894340,4
1784894400,4
1784894460,3
1784894520,3
1784894580,3
1784894640,3
1784894700,3
1784894760,1
1784894820,2
1784894880,2
1784894940,4
1784895000,3
1784895060,3
1784895120,3
1784895180,2
1784895240,2
1784895300,2
1784895360,1
1784895420,1
1784895480,1
1784895540,1
1784895600,1
1784895660,1
1784895720,1
1784895780,1
1784895840,1
1784895900,1
1784896980,1
1784897040,1
1784897100,1
1784897160,1
1784897220,2
1784897280,1
1784897340,1
1784897400,1
1784897460,1
1784897520,1
1784897580,1
1784897640,1
1784897700,1
1784897760,1
1784897820,1
1784897880,1
1784898600,1
1784898660,1
1784898720,1
1784898780,3
1784898840,3
1784898900,3
1784898960,2
1784899020,1
1784899080,1
1784899140,1
1784899260,2
1784899320,2
1784899380,2
1784899440,2
1784899500,3
1784899560,3
1784899620,2
1784899680,2
1784899740,2
1784899800,2
1784899860,2
1784899920,2
1784899980,2
1784900040,2
1784900100,2
1784900160,1
1784900220,1
1784900280,1
1784900340,1
1784900400,1
1784900460,2
1784900520,1
1784900580,1
1784900820,1
1784900880,1
1784900940,1
1784901000,1
1784901060,1
1784901120,1
1784901180,1
1784901240,1
1784901300,2
1784901360,2
1784901420,1
1784901480,1
1784901540,1
1784901600,1
1784901660,1
1784901720,1
1784901780,1
1784901840,1
1784901900,1
1784901960,1
1784902020,2
1784902080,2
1784902140,2
1784902200,3
1784902260,2
1784902320,2
1784902380,2
1784902440,1
1784902500,1
1784902560,1
1784902620,2
1784902680,1
1784902740,1
1784902800,1
1784903100,1
1784903160,1
1784903220,1
1784903280,1
1784903340,1
1784903400,1
1784904180,2
1784904240,1
1784904300,1
1784904360,1
1784904420,1
1784904480,1
1784904540,1
1784904600,1
1784904660,1
1784904720,2
1784904780,3
1784904840,3
1784904900,2
1784904960,2
1784905020,2
1784905080,2
1784905140,2
1784905200,2
1784905260,2
1784905320,1
1784905380,2
1784905440,1
1784905500,2
1784905560,2
1784905620,4
1784905680,3
1784905740,4
1784905800,3
1784905860,3
1784905920,3
1784905980,3
1784906040,2
1784906100,2
1784906160,2
1784906220,2
1784906280,2
1784906340,2
1784906400,2
1784906460,3
1784906520,1
1784906580,1
1784906640,1
1784906700,1
1784906760,1
1784906820,1
1784906880,1
1784906940,2
1784907000,2
1784907060,2
1784907120,2
1784907180,3
1784907240,3
1784907300,3
1784907360,3
1784907420,2
1784907480,2
1784907540,4
1784907600,3
1784907660,3
1784907720,2
1784907780,3
1784907840,3
1784907900,3
1784907960,4
1784908020,4
1784908080,4
1784908140,6
1784908200,6
1784908260,6
1784908320,8
1784908380,7
1784908440,7
1784908500,7
1784908560,8
1784908620,7
1784908680,7
1784908740,7
1784908800,7
1784908860,6
1784908920,6
1784908980,5
1784909040,5
1784909100,5
1784909160,5
1784909220,5
1784909280,4
1784909340,4
1784909400,4
1784909460,5
1784909520,5
1784909580,3
1784909640,3
1784909700,4
1784909760,4
1784909820,4
1784909880,4
1784909940,5
1784910000,4
1784910060,4
1784910120,4
1784910180,4
1784910240,3
1784910300,3
1784910360,3
1784910420,4
1784910480,4
1784910540,4
1784910600,4
1784910660,3
1784910720,2
1784910780,2
1784910840,2
1784910900,2
1784910960,2
1784911020,2
1784911080,1
1784911140,1
1784911200,1
1784911260,1
1784911320,1
1784911380,1
1784911440,1
1784911500,1
1784911560,1
1784911620,1
1784911680,1
1784911740,1
1784911800,2
1784911860,2
1784911920,2
1784911980,2
1784912040,2
1784912100,2
1784912160,2
1784912220,2
1784912280,2
1784912340,2
1784912400,3
1784912460,3
1784912520,3
1784912580,3
1784912640,3
1784912700,3
1784912760,3
1784912820,3
1784912880,1
1784912940,1
1784913000,1
1784913060,2
1784913120,2
1784913180,2
1784913240,2
1784913300,2
1784913360,2
1784913420,1
1784913480,1
1784913540,1
1784913600,1
1784913660,1
1784913720,2
1784913780,2
1784913840,2
1784913900,2
1784913960,2
1784914020,2
1784914080,2
1784914140,2
1784914200,2
1784914260,2
1784914320,2
1784914380,2
1784914440,2
1784914500,2
1784914560,3
1784914620,3
1784914680,3
1784914740,5
1784914800,4
1784914860,4
1784914920,4
1784914980,4
1784915040,4
1784915100,4
1784915160,4
1784915220,4
1784915280,4
1784915340,4
1784915400,3
1784915460,3
1784915520,3
1784915580,3
1784915640,3
1784915700,3
1784915760,3
1784915820,3
1784915880,3
1784915940,3
1784916000,2
1784916060,2
1784916120,2
1784916180,2
1784916240,3
1784916300,3
1784916360,2
1784916420,2
1784916480,1
1784916540,1
1784916600,1
1784916660,1
1784916720,2
1784916780,2
1784916840,2
1784916900,1
1784916960,1
1784917020,1
1784917080,1
1784917140,1
1784917200,2
1784917260,1
1784917320,1
1784917380,1
1784920920,1
1784920980,1
1784921040,1
1784921100,1
1784921160,1
1784921220,1
1784921280,1
1784921340,1
1784921400,1
1784921460,2
1784921520,2
1784921580,2
1784921640,2
1784921700,2
1784921760,2
1784921820,2
1784921880,2
1784921940,2
1784922000,2
1784922060,2
1784922120,2
1784922180,2
1784922240,2
1784922300,2
1784922360,1
1784922420,1
1784922480,1
1784922540,1
1784922600,1
1784922660,1
1784922720,1
1784922780,1
1784922840,1
1784922900,1
1784922960,1
1784923020,1
1784923080,1
1784923140,1
1784923200,1
1784923260,1
1784923320,1
1784923380,1
1784923440,1
1784923500,1
1784923560,1
1784923620,1
1784923680,1
1784923740,1
1784923800,1
1784923860,1
1784923920,1
1784923980,1
1784924040,1
1784924100,1
1784924160,1
1784924220,1
1784924280,1
1784924340,1
1784926740,1
1784926800,1
1784926860,1
1784926920,1
1784926980,1
1784927040,1
1784927100,1
1784927160,1
1784927220,1
1784927280,1
1784927340,1
1784927400,1
1784927460,1
1784927520,1
1784927580,1
1784927640,1
1784927700,1
1784927760,1
1784927820,1
1784927880,1
1784927940,1
1784928000,1
1784928060,1
1784928120,1
1784928180,1
1784928240,1
1784928300,1
1784928360,1
1784928420,1
1784928480,1
1784928540,1
1784928600,1
1784928660,1
1784928720,1
1784928780,1
1784928840,1
1784928900,1
1784928960,1
1784929020,1
1784929080,1
1784929140,1
1784929200,1
1784929260,1
1784929320,1
1784929380,1
1784929440,1
1784929500,1
1784929560,1
1784929620,1
1784929680,1
1784929740,1
1784929800,1
1784929860,1
1784929920,1
1784929980,1
1784930040,1
1784930100,1
1784930160,1
1784930220,1
1784930280,1
1784930340,1
1784930400,1
1784930460,1
1784930520,1
1784930580,1
1784930640,1
1784930700,1
1784930760,1
1784930820,1
1784930880,1
1784930940,1
1784931000,1
1784931060,1
1784931120,1
1784931180,1
1784931240,1
1784931300,1
1784931360,1
1784931420,1
1784931480,1
1784931540,1
1784931600,1
1784931660,1
1784931720,1
1784931780,1
1784931840,1
1784931900,1
1784931960,1
1784932020,1
1784932080,1
1784932140,1
1784932200,1
1784932260,1
1784932320,1
1784932380,1
1784932440,1
1784932500,1
1784932560,1
1784932620,1
1784932680,1
1784932740,1
1784932800,1
1784932860,1
1784932920,1
1784932980,1
1784933040,1
1784933100,1
1784933160,1
1784933220,1
1784933280,1
1784933340,1
1784933400,1
1784933460,1
1784933520,1
1784933580,1
1784933640,1
1784933700,1
1784933760,1
1784933820,1
1784933880,1
1784933940,1
1784934000,1
1784934060,1
1784934120,1
1784934180,1
1784934240,1
1784934300,1
1784934360,1
1784934420,1
1784934480,1
1784934540,1
1784934600,1
1784934660,1
1784934720,1
1784934780,1
1784934840,1
1784934900,1
1784934960,1
1784935020,1
1784935080,1
1784935140,1
1784935200,1
1784935260,1
1784935320,1
1784935380,1
1784935440,1
1784935500,1
1784935560,1
1784935620,1
1784935680,1
1784935740,1
1784935800,1
1784935860,1
1784935920,1
1784935980,1
1784936040,1
1784936100,1
1784936160,1
1784936220,1
1784936280,1
1784936340,1
1784936400,1
1784936460,1
1784936520,1
1784936580,1
1784936640,1
1784936700,1
1784936760,1
1784936820,1
1784936880,1
1784936940,1
1784937000,1
1784937060,1
1784937120,1
1784937180,1
1784937240,1
1784937300,1
1784937360,1
1784937420,1
1784937480,1
1784937540,1
1784937600,1
1784937660,1
1784937720,1
1784937780,1
1784937840,1
1784937900,1
1784937960,1
1784938020,1
1784938080,1
1784938140,1
1784938200,1
1784938260,1
1784938320,1
1784938380,1
1784938440,1
1784938500,1
1784938560,1
1784938620,1
1784938680,1
1784938740,1
1784938800,1
1784938860,1
1784938920,1
1784938980,1
1784939040,1
1784939100,1
1784939160,1
1784939220,1
1784939280,1
1784939340,1
1784939400,1
1784939460,1
1784939520,1
1784939580,1
1784939640,1
1784939700,1
1784939760,1
1784939820,1
1784939880,1
1784939940,1
1784940000,1
1784942640,1
1784942700,1
1784942760,1
1784942820,1
1784942880,1
1784942940,1
1784943000,1
1784943060,1
1784943120,1
1784943840,1
1784943900,1
1784943960,1
1784944020,1
1784944080,1
1784944140,1
1784944200,1
1784944260,1
1784944320,3
1784944380,3
1784944440,3
1784944500,3
1784944560,3
1784944620,1
1784944680,1
1784944740,1
1784944800,1
1784944860,1
1784944920,2
1784944980,2
1784945040,2
1784945100,2
1784945160,2
1784945220,2
1784945280,2
1784945340,2
1784945400,2
1784945460,2
1784945520,1
1784945580,2
1784945640,2
1784945700,2
1784945760,2
1784945820,2
1784945880,2
1784945940,1
1784946000,1
1784946060,1
1784946120,1
1784946180,1
1784946240,1
1784946300,1
1784947320,1
1784947380,1
1784947440,1
1784947560,1
1784947620,1
1784947680,1
1784947740,1
1784947800,1
1784947860,1
1784947920,1
1784947980,1
1784950620,1
1784950680,1
1784950740,1
1784950800,1
1784950860,1
1784950920,2
1784950980,2
1784951040,2
1784951100,2
1784951160,2
1784951220,3
1784951280,3
1784951340,3
1784951400,3
1784951460,2
1784951520,3
1784951580,3
1784951640,3
1784951700,3
1784951760,2
1784951820,2
1784951880,2
1784951940,1
1784952000,1
1784952060,2
1784952120,2
1784952180,2
1784952240,2
1784952300,2
1784952360,2
1784952420,2
1784952480,2
1784952540,1
1784952600,1
1784952660,1
1784952720,1
1784952780,1
1784952840,1
1784952900,2
1784952960,2
1784953020,2
1784953140,2
1784953200,1
1784953260,1
1784953320,1
1784953380,1
1784953440,1
1784953500,1
1784953560,2
1784953620,2
1784953680,1
1784953740,1
1784953800,1
1784953860,1
1784953920,1
1784953980,1
1784954040,1
1784954100,1
1784954160,1
1784954220,1
1784954280,1
1784954340,2
1784954400,2
1784954460,3
1784954520,3
1784954580,3
1784954640,2
1784954700,2
1784954760,1
1784954820,1
1784954880,1
1784954940,1
1784955000,1
1784955180,1
1784955240,2
1784955300,2
1784955360,2
1784955420,2
1784955480,2
1784955540,2
1784955600,2
1784955660,2
1784955720,2
1784955780,2
1784955840,2
1784955900,2
1784955960,2
1784956020,3
1784956080,3
1784956140,3
1784956200,2
1784956260,2
1784956320,2
1784956380,3
1784956440,1
1784956500,2
1784956560,2
1784956620,1
1784956680,1
1784956740,1
1784956800,1
1784956860,1
1784956920,1
1784956980,1
1784957040,1
1784957100,1
1784957880,1
1784957940,1
1784958000,1
1784958060,1
1784958120,1
1784958180,1
1784958240,1
1784958300,1
1784958420,1
1784958480,1
1784958540,1
1784958600,1
1784958660,1
1784958900,1
1784958960,1
1784959020,1
1784959080,1
1784959140,1
1784959200,1
1784959260,1
1784959320,1
1784959380,1
1784959440,2
1784959500,3
1784959560,3
1784959620,3
1784959680,4
1784959740,3
1784959800,4
1784959860,4
1784959920,4
1784959980,5
1784960040,4
1784960100,5
1784960160,4
1784960220,3
1784960280,3
1784960340,1
1784960400,1
1784960460,2
1784960520,2
1784960580,2
1784960640,4
1784960700,4
1784960760,4
1784960820,4
1784960880,4
1784960940,3
1784961000,3
1784961060,2
1784961120,2
1784961180,2
1784961240,2
1784961300,3
1784961360,3
1784961420,3
1784961480,3
1784961540,2
1784961600,2
1784961660,2
1784961720,2
1784961780,3
1784961840,1
1784961900,1
1784961960,1
1784962020,2
1784962080,2
1784962140,2
1784962200,2
1784962260,2
1784962320,2
1784962380,4
1784962440,5
1784962500,4
1784962560,4
1784962620,5
1784962680,5
1784962740,5
1784962800,5
1784962860,5
1784962920,5
1784962980,5
1784963040,4
1784963100,5
1784963160,4
1784963220,5
1784963280,5
1784963340,5
1784963400,5
1784963460,6
1784963520,5
1784963580,4
1784963640,4
1784963700,6
1784963760,5
1784963820,5
1784963880,4
1784963940,4
1784964000,4
1784964060,4
1784964120,4
1784964180,4
1784964240,4
1784964300,3
1784964360,3
1784964420,4
1784964480,4
1784964540,3
1784964600,3
1784964660,2
1784964720,2
1784964780,2
1784964840,3
1784964900,3
1784964960,3
1784965020,3
1784965080,3
1784965140,3
1784965200,2
1784965260,2
1784965320,3
1784965380,4
1784965440,4
1784965500,4
1784965560,3
1784965620,3
1784965680,4
1784965740,5
1784965800,4
1784965860,4
1784965920,4
1784965980,4
1784966040,3
1784966100,4
1784966160,6
1784966220,8
1784966280,8
1784966340,8
1784966400,8
1784966460,8
1784966520,7
1784966580,7
1784966640,7
1784966700,7
1784966760,8
1784966820,8
1784966880,8
1784966940,6
1784967000,7
1784967060,7
1784967120,6
1784967180,6
1784967240,7
1784967300,5
1784967360,6
1784967420,5
1784967480,5
1784967540,5
1784967600,5
1784967660,5
1784967720,5
1784967780,5
1784967840,4
1784967900,5
1784967960,5
1784968020,5
1784968080,5
1784968140,5
1784968200,5
1784968260,5
1784968320,6
1784968380,6
1784968440,6
1784968500,6
1784968560,5
1784968620,6
1784968680,5
1784968740,5
1784968800,4
1784968860,4
1784968920,4
1784968980,4
1784969040,5
1784969100,6
1784969160,7
1784969220,6
1784969280,6
1784969340,7
1784969400,7
1784969460,7
1784969520,6
1784969580,6
1784969640,6
1784969700,5
1784969760,5
1784969820,5
1784969880,5
1784969940,5
1784970000,5
1784970060,5
1784970120,4
1784970180,5
1784970240,6
1784970300,5
1784970360,5
1784970420,6
1784970480,5
1784970540,5
1784970600,5
1784970660,4
1784970720,3
1784970780,3
1784970840,2
1784970900,2
1784970960,2
1784971020,2
1784971080,1
1784971140,1
1784971200,1
1784971260,1
1784971320,1
1784971380,1
1784971440,1
1784971500,1
1784971560,1
1784971620,1
1784971680,2
1784971740,2
1784971800,3
1784971860,2
1784971920,2
1784971980,2
1784972040,2
1784972100,2
1784972160,2
1784972220,2
1784972280,2
1784972340,2
1784972400,2
1784972460,2
1784972520,2
1784972580,2
1784972640,4
1784972700,4
1784972760,4
1784972820,4
1784972880,4
1784972940,4
1784973000,5
1784973060,5
1784973120,5
1784973180,5
1784973240,4
1784973300,3
1784973360,3
1784973420,3
1784973480,3
1784973540,3
1784973600,4
1784973660,4
1784973720,5
1784973780,5
1784973840,5
1784973900,5
1784973960,6
1784974020,6
1784974080,5
1784974140,5
1784974200,5
1784974260,6
1784974320,4
1784974380,5
1784974440,4
1784974500,4
1784974560,4
1784974620,4
1784974680,4
1784974740,4
1784974800,4
1784974860,4
1784974920,3
1784974980,3
1784975040,3
1784975100,4
1784975160,2
1784975220,2
1784975280,3
1784975340,4
1784975400,4
1784975460,5
1784975520,5
1784975580,5
1784975640,5
1784975700,6
1784975760,5
1784975820,5
1784975880,5
1784975940,5
1784976000,4
1784976060,4
1784976120,6
1784976180,4
1784976240,4
1784976300,5
1784976360,5
1784976420,5
1784976480,4
1784976540,4
1784976600,4
1784976660,4
1784976720,4
1784976780,5
1784976840,5
1784976900,5
1784976960,4
1784977020,4
1784977080,4
1784977140,4
1784977200,3
1784977260,3
1784977320,3
1784977380,3
1784977440,3
1784977500,2
1784977560,2
1784977620,3
1784977680,2
1784977740,2
1784977800,2
1784977860,2
1784977920,3
1784977980,2
1784978040,2
1784978100,2
1784978160,2
1784978220,2
1784978280,3
1784978340,5
1784978400,5
1784978460,4
1784978520,5
1784978580,5
1784978640,5
1784978700,5
1784978760,5
1784978820,7
1784978880,7
1784978940,7
1784979000,6
1784979060,6
1784979120,5
1784979180,5
1784979240,3
1784979300,3
1784979360,4
1784979420,5
1784979480,5
1784979540,5
1784979600,4
1784979660,4
1784979720,4
1784979780,4
1784979840,3
1784979900,4
1784979960,4
1784980020,4
1784980080,3
1784980140,3
1784980200,4
1784980260,4
1784980320,4
1784980380,4
1784980440,4
1784980500,4
1784980560,4
1784980620,3
1784980680,1
1784980740,1
1784980800,2
1784980860,2
1784980920,2
1784980980,2
1784981040,2
1784981100,1
1784981160,1
1784981220,1
1784981280,1
1784981340,1
1784981400,1
1784981460,1
1784981520,1
1784981580,1
1784981640,1
1784981700,1
1784981760,1
1784981820,1
1784981880,3
1784981940,3
1784982000,3
1784982060,5
1784982120,4
1784982180,4
1784982240,4
1784982300,5
1784982360,5
1784982420,5
1784982480,4
1784982540,5
1784982600,4
1784982660,4
1784982720,3
1784982780,2
1784982840,1
1784983080,1
1784983140,1
1784983200,1
1784983260,1
1784983320,2
1784983380,2
1784983440,3
1784983500,4
1784983560,2
1784983620,4
1784983680,4
1784983740,4
1784983800,4
1784983860,4
1784983920,5
1784983980,4
1784984040,4
1784984100,3
1784984160,2
1784984220,2
1784984280,1
1784984340,1
1784984400,3
1784984460,3
1784984520,2
1784984580,2
1784984640,2
1784984700,2
1784984760,3
1784984820,3
1784984880,2
1784984940,3
1784985000,2
1784985060,2
1784985120,2
1784985180,3
1784985240,3
1784985300,3
1784985360,3
1784985420,4
1784985480,3
1784985540,3
1784985600,3
1784985660,3
1784985720,4
1784985780,4
1784985840,4
1784985900,4
1784985960,6
1784986020,5
1784986080,4
1784986140,3
1784986200,3
1784986260,3
1784986320,4
1784986380,2
1784986440,3
1784986500,4
1784986560,4
1784986620,4
1784986680,4
1784986740,3
1784986800,3
1784986860,3
1784986920,4
1784986980,4
1784987040,3
1784987100,2
1784987160,2
1784987220,3
1784987280,3
1784987340,3
1784987400,3
1784987460,2
1784987520,3
1784987580,4
1784987640,4
1784987700,3
1784987760,3
1784987820,3
1784987880,3
1784987940,3
1784988000,4
1784988060,3
1784988120,3
1784988180,3
1784988240,3
1784988300,3
1784988360,4
1784988420,4
1784988480,5
1784988540,6
1784988600,7
1784988660,7
1784988720,6
1784988780,7
1784988840,6
1784988900,6
1784988960,6
1784989020,5
1784989080,6
1784989140,6
1784989200,4
1784989260,3
1784989320,3
1784989380,4
1784989440,2
1784989500,2
1784989560,2
1784989620,2
1784989680,3
1784989740,4
1784989800,4
1784989860,4
1784989920,4
1784989980,4
1784990040,5
1784990100,5
1784990160,5
1784990220,5
1784990280,4
1784990340,5
1784990400,4
1784990460,5
1784990520,4
1784990580,5
1784990640,4
1784990700,5
1784990760,5
1784990820,7
1784990880,6
1784990940,7
1784991000,7
1784991060,7
1784991120,6
1784991180,6
1784991240,4
1784991300,4
1784991360,4
1784991420,5
1784991480,5
1784991540,5
1784991600,5
1784991660,4
1784991720,3
1784991780,4
1784991840,5
1784991900,6
1784991960,5
1784992020,5
1784992080,6
1784992140,7
1784992200,7
1784992260,7
1784992320,5
1784992380,5
1784992440,5
1784992500,6
1784992560,7
1784992620,6
1784992680,5
1784992740,4
1784992800,4
1784992860,5
1784992920,6
1784992980,8
1784993040,6
1784993100,5
1784993160,6
1784993220,5
1784993280,4
1784993340,4
1784993400,3
1784993460,3
1784993520,6
1784993580,4
1784993640,6
1784993700,6
1784993760,6
1784993820,5
1784993880,5
1784993940,5
1784994000,4
1784994060,6
1784994120,6
1784994180,6
1784994240,7
1784994300,7
1784994360,7
1784994420,7
1784994480,10
1784994540,11
1784994600,12
1784994660,13
1784994720,10
1784994780,11
1784994840,11
1784994900,11
1784994960,11
1784995020,9
1784995080,7
1784995140,7
1784995200,9
1784995260,8
1784995320,8
1784995380,6
1784995440,6
1784995500,7
1784995560,6
1784995620,5
1784995680,6
1784995740,6
1784995800,6
1784995860,5
1784995920,6
1784995980,7
1784996040,7
1784996100,7
1784996160,5
1784996220,5
1784996280,5
1784996340,5
1784996400,7
1784996460,7
1784996520,8
1784996580,9
1784996640,10
1784996700,10
1784996760,9
1784996820,8
1784996880,9
1784996940,9
1784997000,8
1784997060,11
1784997120,11
1784997180,11
1784997240,11
1784997300,10
1784997360,10
1784997420,11
1784997480,9
1784997540,8
1784997600,8
1784997660,8
1784997720,8
1784997780,7
1784997840,8
1784997900,6
1784997960,7
1784998020,7
1784998080,7
1784998140,9
1784998200,11
1784998260,10
1784998320,10
1784998380,11
1784998440,12
1784998500,13
1784998560,12
1784998620,12
1784998680,12
1784998740,12
1784998800,12
1784998860,12
1784998920,10
1784998980,10
1784999040,10
1784999100,11
1784999160,11
1784999220,11
1784999280,10
1784999340,10
1784999400,10
1784999460,9
1784999520,9
1784999580,8
1784999640,8
1784999700,9
1784999760,9
1784999820,9
1784999880,7
1784999940,7
1785000000,6
1785000060,7
1785000120,9
1785000180,9
1785000240,10
1785000300,9
1785000360,9
1785000420,9
1785000480,9
1785000540,8
1785000600,7
1785000660,8
1785000720,9
1785000780,7
1785000840,6
1785000900,8
1785000960,7
1785001020,8
1785001080,9
1785001140,8
1785001200,7
1785001260,7
1785001320,8
1785001380,8
1785001440,8
1785001500,7
1785001560,5
1785001620,5
1785001680,6
1785001740,5
1785001800,5
1785001860,5
1785001920,5
1785001980,6
1785002040,5
1785002100,5
1785002160,6
1785002220,5
1785002280,6
1785002340,6
1785002400,6
1785002460,6
1785002520,6
1785002580,5
1785002640,5
1785002700,5
1785002760,5
1785002820,5
1785002880,5
1785002940,5
1785003000,5
1785003060,5
1785003120,6
1785003180,5
1785003240,4
1785003300,4
1785003360,4
1785003420,4
1785003480,3
1785003540,4
1785003600,3
1785003660,3
1785003720,3
1785003780,3
1785003840,3
1785003900,3
1785003960,3
1785004020,3
1785004080,3
1785004140,3
1785004200,3
1785004260,4
1785004320,4
1785004380,4
1785004440,4
1785004500,4
1785004560,4
1785004620,5
1785004680,4
1785004740,4
1785004800,5
1785004860,5
1785004920,5
1785004980,5
1785005040,5
1785005100,5
1785005160,5
1785005220,5
1785005280,6
1785005340,6
1785005400,6
1785005460,5
1785005520,5
1785005580,5
1785005640,6
1785005700,5
1785005760,5
1785005820,5
1785005880,5
1785005940,4
1785006000,3
1785006060,3
1785006120,3
1785006180,3
1785006240,3
1785006300,3
1785006360,3
1785006420,3
1785006480,3
1785006540,3
1785006600,3
1785006660,2
1785006720,2
1785006780,4
1785006840,4
1785006900,4
1785006960,4
1785007020,5
1785007080,4
1785007140,4
1785007200,4
1785007260,2
1785007320,2
1785007380,3
1785007440,2
1785007500,2
1785007560,2
1785007620,1
1785007680,1
1785007740,1
1785007800,1
1785007860,1
1785007920,2
1785007980,2
1785008040,2
1785008100,2
1785008160,3
1785008220,3
1785008280,3
1785008340,3
1785008400,3
1785008460,3
1785008520,3
1785008580,4
1785008640,5
1785008700,5
1785008760,5
1785008820,4
1785008880,3
1785008940,3
1785009000,3
1785009060,3
1785009120,3
1785009180,3
1785009240,3
1785009300,3
1785009360,3
1785009420,3
1785009480,3
1785009540,3
1785009600,3
1785009660,3
1785009720,3
1785009780,2
1785010020,1
1785010080,1
1785010140,1
1785010200,1
1785010260,1
1785010320,1
1785010380,1
1785010440,1
1785010500,1
1785010560,3
1785010620,2
1785010680,2
1785010740,2
1785010800,2
1785010860,2
1785010920,2
1785010980,2
1785011040,2
1785011100,2
1785011160,2
1785011220,2
1785011280,1
1785011340,2
1785011400,1
1785011460,1
1785011520,1
1785011580,1
1785011640,1
1785011700,1
1785011760,1
1785011820,1
1785011880,1
1785011940,1
1785012000,1
1785012060,1
1785012120,1
1785012180,1
1785012240,1
1785012300,1
1785012360,1
1785012420,1
1785012480,1
1785012540,1
1785012600,1
1785012660,1
1785012720,1
1785012780,1
1785012840,1
1785012900,1
1785012960,1
1785013020,1
1785013080,1
1785013140,1
1785013200,1
1785013260,1
1785013320,1
1785013380,1
1785014700,1
1785014760,1
1785014820,1
1785014880,1
1785014940,1
1785015000,1
1785015060,1
1785015120,1
1785015180,1
1785015240,1
1785015300,1
1785015360,1
1785015420,1
1785015480,1
1785015540,1
1785015600,1
1785015660,1
1785015720,1
1785015780,1
1785015840,1
1785015900,1
1785015960,1
1785016020,1
1785016500,1
1785019380,1
1785024600,1
1785024660,1
1785024720,1
1785024780,1
1785024840,2
1785024900,1
1785024960,2
1785025020,1
1785025080,1
1785025140,1
1785025200,1
1785025260,1
1785025320,1
1785025380,2
1785025440,2
1785025500,2
1785025560,3
1785025620,2
1785025680,2
1785025740,1
1785025800,2
1785025860,2
1785025920,3
1785025980,3
1785026040,3
1785026100,3
1785026160,3
1785026220,3
1785026280,3
1785026340,3
1785026400,3
1785026460,3
1785026520,3
1785026580,3
1785026640,3
1785026700,3
1785026760,3
1785026820,3
1785026880,3
1785026940,3
1785027000,1
1785027060,1
1785027120,2
1785027180,3
1785027240,2
1785027300,2
1785027360,2
1785027420,2
1785027480,2
1785027540,2
1785027600,2
1785027660,2
1785027720,2
1785027780,2
1785027840,2
1785027900,2
1785027960,4
1785028020,4
1785028080,4
1785028140,4
1785028200,4
1785028260,4
1785028320,4
1785028380,4
1785028440,3
1785028500,3
1785028560,2
1785028620,1
1785028680,2
1785028740,1
1785028800,1
1785028980,1
1785029040,1
1785029100,1
1785029160,1
1785029220,1
1785029280,1
1785029340,1
1785029400,1
1785029460,1
1785029520,1
1785029580,1
1785029640,3
1785029700,3
1785029760,3
1785029820,3
1785029880,4
1785029940,4
1785030000,4
1785030060,4
1785030120,4
1785030180,2
1785030240,2
1785030300,2
1785030360,2
1785030420,1
1785030480,1
1785031320,1
1785031380,1
1785031440,1
1785031500,1
1785031560,1
1785031740,1
1785031800,1
1785032400,1
1785032460,1
1785032520,1
1785032580,1
1785032640,1
1785032700,1
1785032760,1
1785032820,1
1785032880,1
1785032940,1
1785033000,1
1785033060,1
1785033120,1
1785033180,1
1785033240,1
1785033300,1
1785033360,1
1785033420,1
1785033480,1
1785033540,1
1785033600,1
1785033660,1
1785033720,1
1785033780,1
1785033840,1
1785033900,1
1785033960,1
1785034020,1
1785034080,1
1785034140,1
1785034200,1
1785034260,2
1785034320,2
1785034380,3
1785034440,3
1785034500,2
1785034560,1
1785034620,1
1785034680,1
1785034740,1
1785034800,1
1785034860,3
1785034920,2
1785034980,3
1785035040,4
1785035100,4
1785035160,4
1785035220,4
1785035280,4
1785035340,4
1785035400,4
1785035460,2
1785035520,1
1785035580,1
1785035640,2
1785035700,2
1785035760,2
1785035820,1
1785035880,2
1785035940,1
1785036000,2
1785036060,2
1785036120,2
1785036180,2
1785036240,2
1785036300,2
1785036360,2
1785036420,2
1785036480,2
1785036540,2
1785036600,3
1785036660,4
1785036720,4
1785036780,4
1785036840,5
1785036900,5
1785036960,5
1785037020,5
1785037080,5
1785037140,6
1785037200,8
1785037260,8
1785037320,9
1785037380,8
1785037440,6
1785037500,7
1785037560,6
1785037620,5
1785037680,5
1785037740,5
1785037800,4
1785037860,4
1785037920,3
1785037980,4
1785038040,5
1785038100,5
1785038160,5
1785038220,5
1785038280,6
1785038340,7
1785038400,7
1785038460,7
1785038520,8
1785038580,8
1785038640,8
1785038700,8
1785038760,8
1785038820,8
1785038880,8
1785038940,8
1785039000,8
1785039060,8
1785039120,7
1785039180,8
1785039240,8
1785039300,9
1785039360,9
1785039420,9
1785039480,9
1785039540,10
1785039600,10
1785039660,6
1785039720,8
1785039780,7
1785039840,7
1785039900,7
1785039960,8
1785040020,7
1785040080,7
1785040140,8
1785040200,5
1785040260,7
1785040320,6
1785040380,7
1785040440,7
1785040500,7
1785040560,7
1785040620,7
1785040680,6
1785040740,7
1785040800,9
1785040860,9
1785040920,9
1785040980,9
1785041040,9
1785041100,8
1785041160,8
1785041220,9
1785041280,7
1785041340,6
1785041400,5
1785041460,6
1785041520,6
1785041580,6
1785041640,6
1785041700,5
1785041760,7
1785041820,5
1785041880,6
1785041940,7
1785042000,7
1785042060,7
1785042120,8
1785042180,7
1785042240,7
1785042300,9
1785042360,8
1785042420,6
1785042480,7
1785042540,8
1785042600,8
1785042660,9
1785042720,9
1785042780,8
1785042840,8
1785042900,7
1785042960,5
1785043020,8
1785043080,6
1785043140,7
1785043200,8
1785043260,8
1785043320,9
1785043380,10
1785043440,12
1785043500,12
1785043560,8
1785043620,6
1785043680,9
1785043740,7
1785043800,5
1785043860,8
1785043920,7
1785043980,9
1785044040,10
1785044100,10
1785044160,9
1785044220,10
1785044280,9
1785044340,9
1785044400,11
1785044460,13
1785044520,13
1785044580,13
1785044640,14
1785044700,15
1785044760,16
1785044820,13
1785044880,10
1785044940,10
1785045000,11
1785045060,9
1785045120,11
1785045180,12
1785045240,16
1785045300,16
1785045360,14
1785045420,13
1785045480,13
1785045540,12
1785045600,12
1785045660,12
1785045720,9
1785045780,11
1785045840,13
1785045900,14
1785045960,14
1785046020,12
1785046080,15
1785046140,14
1785046200,13
1785046260,13
1785046320,12
1785046380,15
1785046440,12
1785046500,13
1785046560,15
1785046620,16
1785046680,21
1785046740,21
1785046800,22
1785046860,18
1785046920,17
1785046980,17
1785047040,18
1785047100,17
1785047160,16
1785047220,17
1785047280,17
1785047340,16
1785047400,17
1785047460,16
1785047520,17
1785047580,16
1785047640,16
1785047700,14
1785047760,17
1785047820,17
1785047880,13
1785047940,14
1785048000,15
1785048060,15
1785048120,16
1785048180,12
1785048240,13
1785048300,14
1785048360,13
1785048420,13
1785048480,13
1785048540,15
1785048600,16
1785048660,15
1785048720,15
1785048780,15
1785048840,16
1785048900,17
1785048960,15
1785049020,16
1785049080,16
1785049140,14
1785049200,14
1785049260,15
1785049320,14
1785049380,18
1785049440,15
1785049500,17
1785049560,15
1785049620,13
1785049680,12
1785049740,12
1785049800,12
1785049860,12
1785049920,11
1785049980,12
1785050040,11
1785050100,10
1785050160,11
1785050220,12
1785050280,13
1785050340,15
1785050400,15
1785050460,13
1785050520,16
1785050580,16
1785050640,16
1785050700,17
1785050760,19
1785050820,21
1785050880,20
1785050940,19
1785051000,17
1785051060,16
1785051120,17
1785051180,19
1785051240,18
1785051300,20
1785051360,18
1785051420,19
1785051480,16
1785051540,17
1785051600,19
1785051660,18
1785051720,19
1785051780,22
1785051840,20
1785051900,23
1785051960,22
1785052020,21
1785052080,22
1785052140,23
1785052200,20
1785052260,20
1785052320,21
1785052380,21
1785052440,20
1785052500,22
1785052560,21
1785052620,19
1785052680,20
1785052740,19
1785052800,17
1785052860,18
1785052920,19
1785052980,19
1785053040,22
1785053100,23
1785053160,21
1785053220,21
1785053280,22
1785053340,21
1785053400,24
1785053460,23
1785053520,23
1785053580,25
1785053640,26
1785053700,25
1785053760,24
1785053820,24
1785053880,26
1785053940,27
1785054000,27
1785054060,26
1785054120,26
1785054180,28
1785054240,29
1785054300,30
1785054360,28
1785054420,29
1785054480,33
1785054540,34
1785054600,36
1785054660,35
1785054720,39
1785054780,38
1785054840,40
1785054900,41
1785054960,35
1785055020,40
1785055080,36
1785055140,34
1785055200,37
1785055260,38
1785055320,37
1785055380,35
1785055440,34
1785055500,34
1785055560,34
1785055620,35
1785055680,30
1785055740,31
1785055800,31
1785055860,28
1785055920,25
1785055980,23
1785056040,26
1785056100,29
1785056160,32
1785056220,28
1785056280,27
1785056340,28
1785056400,29
1785056460,27
1785056520,28
1785056580,29
1785056640,28
1785056700,27
1785056760,33
1785056820,33
1785056880,33
1785056940,38
1785057000,37
1785057060,35
1785057120,35
1785057180,33
1785057240,35
1785057300,36
1785057360,35
1785057420,37
1785057480,36
1785057540,35
1785057600,34
1785057660,34
1785057720,33
1785057780,36
1785057840,37
1785057900,40
1785057960,36
1785058020,37
1785058080,43
1785058140,45
1785058200,46
1785058260,45
1785058320,47
1785058380,47
1785058440,50
1785058500,49
1785058560,49
1785058620,47
1785058680,50
1785058740,49
1785058800,52
1785058860,50
1785058920,50
1785058980,52
1785059040,49
1785059100,51
1785059160,51
1785059220,48
1785059280,49
1785059340,53
1785059400,50
1785059460,50
1785059520,53
1785059580,51
1785059640,50
1785059700,51
1785059760,52
1785059820,54
1785059880,54
1785059940,55
1785060000,58
1785060060,59
1785060120,57
1785060180,58
1785060240,62
1785060300,61
1785060360,63
1785060420,67
1785060480,71
1785060540,75
1785060600,82
1785060660,86
1785060720,83
1785060780,84
1785060840,83
1785060900,86
1785060960,94
1785061020,98
1785061080,96
1785061140,97
1785061200,97
1785061260,101
1785061320,107
1785061380,107
1785061440,104
1785061500,102
1785061560,98
1785061620,98
1785061680,99
1785061740,97
1785061800,334
1785061860,582
1785061920,751
1785061980,940
1785062040,1098
1785062100,1273
1785062160,1432
1785062220,1582
1785062280,1708
1785062340,1849
1785062400,1988
1785062460,2103
1785062520,2246
1785062580,2340
1785062640,2414
1785062700,2473
1785062760,2556
1785062820,2616
1785062880,2674
1785062940,2717
1785063000,2768
1785063060,2789
1785063120,2839
1785063180,2850
1785063240,2902
1785063300,2938
1785063360,2970
1785063420,2939
1785063480,2940
1785063540,2965
1785063600,2921
1785063660,2908
1785063720,2876
1785063780,2836
1785063840,2816
1785063900,2743
1785063960,2707
1785064020,2669
1785064080,2593
1785064140,2547
1785064200,2473
1785064260,2380
1785064320,2291
1785064380,2213
1785064440,2143
1785064500,2081
1785064560,1958
1785064620,1863
1785064680,1781
1785064740,1694
1785064800,1563
1785064860,1427
1785064920,1323
1785064980,1179
1785065040,1065
1785065100,931
1785065160,773
1785065220,623
1785065280,454
1785065340,260
1785065400,8
