"content_id","title","video_type","category"
2078158479,"mupep dac","vod","bcfff"
2078158755,"nehah haj","vod","cjbgg"
2078156984,"huhih hac","vod","dcchh"
2078166408,"cokak kac","vod","ccfck"
2049035970,"bonen ceb","vod","bbdbj"
2078158762,"kenin ceb","vod","cbccc"
2078158511,"dakuk keg","vod","dgbdl"
2078157683,"maror feh","live","bhcfm"
2078162965,"zebub bij","vod","djfhp"
2078158093,"kehah heh","vod","chfck"
20991611,"muheh heh","vod","bhfff"
2078158709,"tunin cec","vod","dcddd"
2078163666,"kerar fef","vod","cffck"
2078158166,"tusis ged","vod","ddbdl"
2078158543,"verar feg","vod","bgcfm"
2078158606,"cigeg gib","vod","cbfck"
21312161,"hawow kaf","vod","dfchh"
2048987420,"bodod daf","vod","bfbbb"
21056607,"medid daf","vod","bffff"
2078170916,"kupup dif","vod","cffck"
2078168463,"zilel lec","vod","dcchh"
2078157893,"hepup dag","vod","dgchh"
21320274,"wezaz lid","vod","cddgn"
21328659,"tomum baj","vod","djbdl"
2078157426,"laheh heh","vod","dhbdl"
21055033,"nepep dab","vod","cbdgn"
2078157793,"jilal lad","live","bddbj"
21266892,"fiheh hic","vod","bcfff"
21270348,"bobub bed","vod","bddbj"
2078158759,"zofuf fah","vod","dhfhp"
21066524,"lefuf fib","vod","dbbdl"
21057924,"bedod dec","vod","bcbbb"
2078157158,"gesis gif","vod","cfdgn"
2078157818,"wekek ked","live","cdbgg"
2049031452,"risus gej","vod","bjdbj"
21013356,"cunon ceb","vod","cbfck"
21180564,"risos gif","vod","bfbbb"
2078158754,"pofof fad","vod","ddchh"
2078158503,"mobub bab","vod","bbcfm"
2078157682,"fabeb bec","live","bcfff"
2078157431,"vugug gaf","vod","bfcfm"
21052696,"lajuj jeh","vod","dhddd"
21055562,"zicac cej","","djchh"
20998208,"kasis gef","vod","cffck"
21140179,"sigag gec","vod","ccfck"
2078167315,"pakuk kec","vod","dcfhp"
2078158542,"wenin cef","vod","cfbgg"
21361286,"tumum bih","vod","dhbdl"
21066382,"rucac cah","vod","bhdbj"
2048988747,"zopap daj","vod","djchh"
20986352,"zogag gec","vod","dcchh"
2078158845,"tiwow kec","vod","dcddd"
21266579,"zonin cij","vod","djchh"
21330319,"fizuz lib","vod","bbfff"
21049837,"mujuj jaj","vod","bjfff"
21331392,"bokok kad","vod","bddbj"
2078167758,"zutat heg","vod","dgfhp"
21033271,"henan cic","vod","dcchh"
2078157416,"gudud ded","vod","cdbgg"
2078158713,"gomam beh","vod","chdgn"
21351227,"wekik kic","vod","ccbgg"
2049039082,"vevav jag","vod","bgfff"
21325384,"doses gab","vod","dbddd"
2078158309,"retot hag","vod","bgbbb"
2078167919,"majij jeb","vod","bbfff"
2078158120,"dumim bag","vod","dgbdl"
2078158481,"kanun cid","vod","cdfck"
2078157331,"vuwuw kid","vod","bdcfm"
21231064,"cohih had","vod","cdfck"
21330436,"togig geb","vod","dbbdl"
21301767,"cimem bed","vod","cdfck"
2078157552,"repop dig","vod","bgdbj"
2048987111,"ragag geg","vod","bgdbj"
2078158005,"bicac cec","vod","bcbbb"
2078157624,"kunun cah","vod","chccc"
2078158118,"sufaf fag","vod","cgccc"
2078157391,"vezez leg","vod","bgfff"
21360089,"ranan cif","vod","bfbbb"
2078158824,"zasos gaj","live","djchh"
2078168917,"fodud deg","vod","bgfff"
2078156968,"luzaz led","vod","ddbdl"
2078158760,"dijoj jeh","vod","dhddd"
21055497,"gedad dag","vod","cgbgg"
2078157848,"renen cac","vod","bcdbj"
21320377,"fomem bef","vod","bffff"
2078156844,"hosis gih","vod","dhchh"
2078168383,"topip daf","vod","dfddd"
2078158237,"sujoj jed","vod","cdccc"
2078158319,"tatut hec","vod","dcddd"
21312017,"howaw kid","vod","ddfhp"
21017125,"mucuc cih","","bhcfm"
21203462,"vibub bab","vod","bbfff"
21325738,"hogug gij","vod","djfhp"
2078168108,"vifaf feh","vod","bhfff"
21211860,"nabab bib","vod","cbdgn"
2049038191,"jozaz leb","vod","bbbbb"
2078158223,"tujuj jed","vod","ddddd"
21061704,"ruwiw keh","vod","bhbbb"
2078158496,"mibeb bad","vod","bdfff"
21361285,"vecec cad","vod","bdfff"
2078158618,"ribeb big","vod","bgdbj"
21311944,"pobob bef","vod","dffhp"
21329158,"velel leg","vod","bgcfm"
2078157821,"jewuw keh","live","bhdbj"
2078158197,"carur fig","vod","cgccc"
2078167313,"gojaj jed","vod","cdbgg"
21312249,"cerer fih","vod","chccc"
2049038186,"jocec ceg","vod","bgdbj"
21330671,"vidod deg","vod","bgcfm"
21331015,"ritut had","vod","bddbj"
2078158526,"cavav jad","vod","cdfck"
2078158540,"vicic ceb","vod","bbfff"
2078156987,"juwaw kig","vod","bgbbb"
21052981,"firir feb","vod","bbcfm"
21326395,"mogig gec","vod","bccfm"
21309026,"goses gah","vod","chbgg"
2078157689,"ruvav jec","vod","bcbbb"
2048987996,"zeses gab","vod","dbfhp"
21329233,"guviv jah","vod","chdgn"
21353580,"fecoc cid","vod","bdcfm"
2049044597,"hided dag","vod","dgchh"
21330427,"luhoh hid","vod","ddddd"
2078163336,"kirer fab","vod","cbfck"
21008857,"sokuk keb","vod","cbfck"
21231066,"nicac cid","vod","cddgn"
2078158318,"pazuz led","vod","ddchh"
2049038791,"junon cej","vod","bjdbj"
2078163669,"gedod dic","vod","ccdgn"
20995834,"hutut hed","vod","ddfhp"
21036874,"pavav jed","vod","ddchh"
21312112,"ripop dej","vod","bjdbj"
2078158293,"rolel lej","vod","bjdbj"
2078157794,"kubab baj","vod","cjccc"
2078158222,"madod dih","vod","bhfff"
2049039519,"bawiw kib","vod","bbbbb"
