q_name	rep	database	query_id	type	elapsed_ms	read_rows	read_bytes	read_pretty	result_rows	memory_usage	mem_pretty	finished_at	exception_code
s01_day_total	warmup	sonyliv_final	a8c68e3b-ca29-4d82-af3e-5e9d66f804ca	QueryFinish	42	8193	278529	272.00 KiB	1	7751316	7.39 MiB	2026-08-02 03:43:34	0
s01_day_total	r1	sonyliv_final	083a5bde-e111-4378-a2b7-6a93d7080515	QueryFinish	49	8193	278529	272.00 KiB	1	7705500	7.35 MiB	2026-08-02 03:43:35	0
s01_day_total	r2	sonyliv_final	58c871ab-82a3-4486-8c58-a3096d8cf666	QueryFinish	46	8193	278529	272.00 KiB	1	7702652	7.35 MiB	2026-08-02 03:43:36	0
s01_day_total	r3	sonyliv_final	60aaf693-9c72-4872-a108-f526a06da782	QueryFinish	81	8193	278529	272.00 KiB	1	7717508	7.36 MiB	2026-08-02 03:43:36	0
s01_day_total	warmup	sonyliv_official	ff0d4c58-d5c0-47a3-ad9e-027bbfe2cbd5	ExceptionBeforeStart	0	0	0	0.00 B	0	1111543	1.06 MiB	2026-08-02 03:39:29	46
s01_day_total	r1	sonyliv_official	3bc47182-94d0-4bdc-ace8-1c2510ae62d2	ExceptionBeforeStart	1	0	0	0.00 B	0	1111543	1.06 MiB	2026-08-02 03:39:30	46
s01_day_total	r2	sonyliv_official	5575f4a0-e7d2-401c-807b-f01d90cf7edf	ExceptionBeforeStart	3	0	0	0.00 B	0	1111543	1.06 MiB	2026-08-02 03:39:30	46
s01_day_total	r3	sonyliv_official	0f4b5d62-9ae1-4f20-a7a0-e058bac49a60	ExceptionBeforeStart	0	0	0	0.00 B	0	1111543	1.06 MiB	2026-08-02 03:39:31	46
s02_day_platform	warmup	sonyliv_official	8ffcd6f5-c998-4ac8-b244-d5ab42c8889a	QueryFinish	15	64590	2261030	2.16 MiB	19	10834058	10.33 MiB	2026-08-02 03:39:32	0
s02_day_platform	r1	sonyliv_official	27d51488-42c7-4402-9e31-237a3e1208cc	QueryFinish	14	64590	2261030	2.16 MiB	19	10823098	10.32 MiB	2026-08-02 03:39:32	0
s02_day_platform	r2	sonyliv_official	fb25bf00-2a0b-496a-87de-220a79acd058	QueryFinish	12	64590	2261030	2.16 MiB	19	10823034	10.32 MiB	2026-08-02 03:39:32	0
s02_day_platform	r3	sonyliv_official	d8cc93e6-3d0c-4560-a7f4-d02b031aae33	QueryFinish	38	64590	2261030	2.16 MiB	19	10823034	10.32 MiB	2026-08-02 03:39:34	0
s03_day_country	warmup	sonyliv_official	6c1bfb98-8577-4e37-95fc-92699cf4a174	QueryFinish	100	24576	860228	840.07 KiB	1	10821306	10.32 MiB	2026-08-02 03:39:34	0
s03_day_country	r1	sonyliv_official	1d98f723-ef7e-432b-87ff-d6066ff77ae1	QueryFinish	9	24576	860228	840.07 KiB	1	10821402	10.32 MiB	2026-08-02 03:39:35	0
s03_day_country	r2	sonyliv_official	97f1bf8e-fbd5-41a4-bdcd-2b71d8faf352	QueryFinish	95	24576	860228	840.07 KiB	1	10821450	10.32 MiB	2026-08-02 03:39:36	0
s03_day_country	r3	sonyliv_official	0b7a91eb-39a3-49a5-8386-bc15d9829099	QueryFinish	28	24576	860228	840.07 KiB	1	10821274	10.32 MiB	2026-08-02 03:39:36	0
s04_day_content_top10	warmup	sonyliv_official	b6752e82-d722-4415-87c1-e470570b75eb	QueryFinish	82	57902	1560037	1.49 MiB	10	13486468	12.86 MiB	2026-08-02 03:39:37	0
s04_day_content_top10	r1	sonyliv_official	4e5f3023-abb7-48e7-bc5b-d255bc2c2859	QueryFinish	116	57902	1560037	1.49 MiB	10	13590455	12.96 MiB	2026-08-02 03:39:38	0
s04_day_content_top10	r2	sonyliv_official	55d478e7-d941-48f9-b959-e856b3a819ff	QueryFinish	127	57902	1560037	1.49 MiB	10	13485940	12.86 MiB	2026-08-02 03:39:38	0
s04_day_content_top10	r3	sonyliv_official	55206583-c546-446c-b369-0439ccbcd259	QueryFinish	125	57902	1560037	1.49 MiB	10	13485940	12.86 MiB	2026-08-02 03:39:39	0
s05_day_video_type	warmup	sonyliv_official	cc9a2dc4-1129-4969-a534-15a1b2ffd78d	QueryFinish	77	170936	3052165	2.91 MiB	3	13995764	13.35 MiB	2026-08-02 03:39:39	0
s05_day_video_type	r1	sonyliv_official	62de9033-a588-4858-9e4e-905e23099f86	QueryFinish	156	170936	3052165	2.91 MiB	3	13967244	13.32 MiB	2026-08-02 03:39:40	0
s05_day_video_type	r2	sonyliv_official	ec0af311-fa34-4474-9a56-71e71cc249ba	QueryFinish	110	170936	3052165	2.91 MiB	3	13963140	13.32 MiB	2026-08-02 03:39:41	0
s05_day_video_type	r3	sonyliv_official	675f46c4-f61d-467e-8451-a9b5dbde58fc	QueryFinish	102	170936	3052165	2.91 MiB	3	13995620	13.35 MiB	2026-08-02 03:39:41	0
s06_day_category	warmup	sonyliv_official	46dd2048-add2-4913-beb0-7d983c0eac5c	QueryFinish	150	170936	3053234	2.91 MiB	10	13965428	13.32 MiB	2026-08-02 03:39:42	0
s06_day_category	r1	sonyliv_official	c76080d4-b8ef-4703-8f49-bdcc3ee3d904	QueryFinish	283	170936	3053234	2.91 MiB	10	13969564	13.32 MiB	2026-08-02 03:39:43	0
s06_day_category	r2	sonyliv_official	d50eca45-f716-4fb3-8802-824dad9ce025	QueryFinish	210	170936	3053234	2.91 MiB	10	13965428	13.32 MiB	2026-08-02 03:39:44	0
s06_day_category	r3	sonyliv_official	caadfe7d-fb5f-4556-aff7-021cdb7be8cc	QueryFinish	152	170936	3053234	2.91 MiB	10	13965428	13.32 MiB	2026-08-02 03:39:44	0
s07_day_show_name	warmup	sonyliv_official	a36ac8f6-a8d0-41d1-9157-607ce6094934	QueryFinish	235	170936	3752005	3.58 MiB	10	26482763	25.26 MiB	2026-08-02 03:39:46	0
s07_day_show_name	r1	sonyliv_official	52083a04-dd5c-4768-8215-b4012aa314e4	QueryFinish	152	170936	3752005	3.58 MiB	10	26482699	25.26 MiB	2026-08-02 03:39:46	0
s07_day_show_name	r2	sonyliv_official	7b5704c6-a4a6-444a-a580-ab405af223b9	QueryFinish	257	170936	3752005	3.58 MiB	10	22304188	21.27 MiB	2026-08-02 03:39:47	0
s07_day_show_name	r3	sonyliv_official	13bc418a-44b2-4b58-9127-a4f7105c8992	QueryFinish	168	170936	3752005	3.58 MiB	10	26486803	25.26 MiB	2026-08-02 03:39:47	0
s08_day_video_resolution	warmup	sonyliv_official	8cff769b-9f41-46f6-bbc1-5896851c2328	QueryFinish	6901	192752	18996041	18.12 MiB	10	831761748	793.23 MiB	2026-08-02 03:39:55	0
s08_day_video_resolution	r1	sonyliv_official	12893b8e-5959-4de1-8bfa-bd7e6728d667	QueryFinish	6949	192752	18996041	18.12 MiB	10	831751860	793.22 MiB	2026-08-02 03:40:03	0
s08_day_video_resolution	r2	sonyliv_official	ab8d51ae-c3f7-4476-8c7e-d59e40872939	QueryFinish	6485	192752	18996041	18.12 MiB	10	831759164	793.23 MiB	2026-08-02 03:40:09	0
s08_day_video_resolution	r3	sonyliv_official	27412442-a6cb-4023-8773-78e10a11ed23	QueryFinish	7434	192752	18996041	18.12 MiB	10	831868172	793.33 MiB	2026-08-02 03:40:17	0
s09_day_platform_partial	warmup	sonyliv_official	a74d1e18-a7c0-4402-98df-706d0c126ba6	QueryFinish	36	98304	1441923	1.38 MiB	1	10419641	9.94 MiB	2026-08-02 03:40:18	0
s09_day_platform_partial	r1	sonyliv_official	23d33656-43bc-4935-a777-279e94121e2a	QueryFinish	59	98304	1441923	1.38 MiB	1	10377489	9.90 MiB	2026-08-02 03:40:18	0
s09_day_platform_partial	r2	sonyliv_official	9055ee02-55a8-49a9-b049-c700ddefeb4c	QueryFinish	40	98304	1441923	1.38 MiB	1	10377649	9.90 MiB	2026-08-02 03:40:19	0
s09_day_platform_partial	r3	sonyliv_official	e68a8734-f85e-42a1-a729-bc8a6baa2b9f	QueryFinish	161	98304	1441923	1.38 MiB	1	10490658	10.00 MiB	2026-08-02 03:40:19	0
s10_day_combined_platform_videotype	warmup	sonyliv_official	af0fc975-6d25-4128-b318-113b4b612c0b	QueryFinish	23	74286	1160125	1.11 MiB	1	6753983	6.44 MiB	2026-08-02 03:40:20	0
s10_day_combined_platform_videotype	r1	sonyliv_official	1167a8a9-d86e-4d43-a977-9dcfd129220e	QueryFinish	31	74286	1160125	1.11 MiB	1	6750143	6.44 MiB	2026-08-02 03:40:21	0
s10_day_combined_platform_videotype	r2	sonyliv_official	1550a6d8-72c5-4f6c-b488-a457df7b375e	QueryFinish	28	74286	1160125	1.11 MiB	1	6757815	6.44 MiB	2026-08-02 03:40:22	0
s10_day_combined_platform_videotype	r3	sonyliv_official	23182b4f-8ebb-47ed-9fee-0a3839b315ee	QueryFinish	22	74286	1160125	1.11 MiB	1	6753711	6.44 MiB	2026-08-02 03:40:22	0
s11_hour_total	warmup	sonyliv_official	45574faa-ad59-46ae-8fdc-379b235f369f	QueryFinish	25	8192	352256	344.00 KiB	16	7194737	6.86 MiB	2026-08-02 03:40:23	0
s11_hour_total	r1	sonyliv_official	353c0bb9-1286-43a4-832d-62b64443f106	QueryFinish	19	8192	352256	344.00 KiB	16	7193921	6.86 MiB	2026-08-02 03:40:23	0
s11_hour_total	r2	sonyliv_official	68d8f391-e46b-4b0d-beed-4bf11409e226	QueryFinish	17	8192	352256	344.00 KiB	16	6144402	5.86 MiB	2026-08-02 03:40:23	0
s11_hour_total	r3	sonyliv_official	f76e989d-5995-4d26-b2c9-3b2b47f45244	QueryFinish	14	8192	352256	344.00 KiB	16	6144402	5.86 MiB	2026-08-02 03:40:24	0
s11b_hour_total_summary	warmup	sonyliv_official	4722c376-1bb5-4281-922f-ed4ad069bbc3	QueryFinish	14	8192	286720	280.00 KiB	1	7153228	6.82 MiB	2026-08-02 03:40:25	0
s11b_hour_total_summary	r1	sonyliv_official	fb3f23ed-5668-439c-9a03-c952810f765b	QueryFinish	19	8192	286720	280.00 KiB	1	7152988	6.82 MiB	2026-08-02 03:40:25	0
s11b_hour_total_summary	r2	sonyliv_official	8f3a0086-b5d9-42ee-811d-f1e32c232174	QueryFinish	18	8192	286720	280.00 KiB	1	7153148	6.82 MiB	2026-08-02 03:40:26	0
s11b_hour_total_summary	r3	sonyliv_official	6172d2bf-4b68-4119-a318-a910e8c6a4d9	QueryFinish	54	8192	286720	280.00 KiB	1	7220853	6.89 MiB	2026-08-02 03:40:26	0
s12_hour_platform	warmup	sonyliv_official	95ba54b3-d306-4ced-832e-e7c27ab997f3	QueryFinish	12	8192	352256	344.00 KiB	12	6068300	5.79 MiB	2026-08-02 03:40:26	0
s12_hour_platform	r1	sonyliv_official	4c48fd6b-39a0-4521-81bc-7289472729f1	QueryFinish	6	8192	352256	344.00 KiB	12	6068460	5.79 MiB	2026-08-02 03:40:27	0
s12_hour_platform	r2	sonyliv_official	75ecc20f-d34f-44e9-aa61-0f14b62ec58e	QueryFinish	17	8192	352256	344.00 KiB	12	7117755	6.79 MiB	2026-08-02 03:40:27	0
s12_hour_platform	r3	sonyliv_official	8058488c-cc24-4cd5-a825-220edebc90dd	QueryFinish	10	8192	352256	344.00 KiB	12	6068460	5.79 MiB	2026-08-02 03:40:28	0
s13_hour_top_content	warmup	sonyliv_official	d811b384-0882-43e3-896d-0da9cdeccecf	QueryFinish	57	57902	2259877	2.16 MiB	10	9933724	9.47 MiB	2026-08-02 03:40:28	0
s13_hour_top_content	r1	sonyliv_official	e8a028a4-94b4-4ee2-bfea-3bf07f83e1bf	QueryFinish	28	57902	2259877	2.16 MiB	10	9933708	9.47 MiB	2026-08-02 03:40:29	0
s13_hour_top_content	r2	sonyliv_official	f780216f-d8cb-46b8-b97b-8db94bd8b366	QueryFinish	41	57902	2259877	2.16 MiB	10	9933708	9.47 MiB	2026-08-02 03:40:30	0
s13_hour_top_content	r3	sonyliv_official	6f00be39-e1d9-4f0f-9562-db380bbaa345	QueryFinish	47	57902	2259877	2.16 MiB	10	9933708	9.47 MiB	2026-08-02 03:40:30	0
s14_minute_day_summary	warmup	sonyliv_official	341be069-15de-4f9a-8e65-e1dfb156bf9d	QueryFinish	16	137610	1651320	1.57 MiB	1	5913383	5.64 MiB	2026-08-02 03:40:31	0
s14_minute_day_summary	r1	sonyliv_official	c974a024-ed60-4b10-bbad-ef52544a1069	QueryFinish	23	137610	1651320	1.57 MiB	1	5917991	5.64 MiB	2026-08-02 03:40:31	0
s14_minute_day_summary	r2	sonyliv_official	afd45d9b-29d4-4a1f-8535-93e9fc3f15b1	QueryFinish	28	137610	1651320	1.57 MiB	1	5908159	5.63 MiB	2026-08-02 03:40:31	0
s14_minute_day_summary	r3	sonyliv_official	a0301306-e2b4-4ad7-a054-4ff890ecc375	QueryFinish	80	137610	1651320	1.57 MiB	1	6128847	5.84 MiB	2026-08-02 03:40:32	0
s15_minute_peak_hour_series	warmup	sonyliv_official	182a9d4e-3df3-467d-8c67-d08f03941bd8	QueryFinish	16	137610	1651320	1.57 MiB	60	5715851	5.45 MiB	2026-08-02 03:40:32	0
s15_minute_peak_hour_series	r1	sonyliv_official	4e561bdb-b96e-45de-950c-389987e52ef4	QueryFinish	15	137610	1651320	1.57 MiB	60	5715899	5.45 MiB	2026-08-02 03:40:33	0
s15_minute_peak_hour_series	r2	sonyliv_official	5ff28997-fbcf-438e-ac0d-26c112d88ec5	QueryFinish	16	137610	1651320	1.57 MiB	60	5718595	5.45 MiB	2026-08-02 03:40:33	0
s15_minute_peak_hour_series	r3	sonyliv_official	8e7998fb-78f5-4137-b2b2-c07e0aaff547	QueryFinish	13	137610	1651320	1.57 MiB	60	5715763	5.45 MiB	2026-08-02 03:40:34	0
s16_minute_platform_day_summary	warmup	sonyliv_official	e00976c9-8f4c-4a80-a1f7-289d1dfaaabe	QueryFinish	21	40960	532480	520.00 KiB	1	5841755	5.57 MiB	2026-08-02 03:40:34	0
s16_minute_platform_day_summary	r1	sonyliv_official	5326ae6f-e912-466b-bc2b-fa41cb8ffa82	QueryFinish	26	40960	532480	520.00 KiB	1	5840787	5.57 MiB	2026-08-02 03:40:34	0
s16_minute_platform_day_summary	r2	sonyliv_official	8fbe7a51-29f9-4be2-8bde-308840545dc3	QueryFinish	38	40960	532480	520.00 KiB	1	5841275	5.57 MiB	2026-08-02 03:40:36	0
s16_minute_platform_day_summary	r3	sonyliv_official	a7572312-8ca0-4314-a672-e14e6bc37371	QueryFinish	48	40960	532480	520.00 KiB	1	5953995	5.68 MiB	2026-08-02 03:40:36	0
u01_day_total	warmup	sonyliv_official	31d13bbb-21a5-4190-8ec6-38e3a8225a5d	QueryFinish	333	486742	99295368	94.70 MiB	1	136122838	129.82 MiB	2026-08-02 03:40:37	0
u01_day_total	r1	sonyliv_official	5b780c48-42d6-4b99-99ff-78afaf33d6cb	QueryFinish	290	486742	99295368	94.70 MiB	1	133672758	127.48 MiB	2026-08-02 03:40:37	0
u01_day_total	r2	sonyliv_official	727208d2-64fa-4b92-9d7e-9aeaeb0443b8	QueryFinish	323	486742	99295368	94.70 MiB	1	132996022	126.83 MiB	2026-08-02 03:40:38	0
u01_day_total	r3	sonyliv_official	de47a826-39eb-46f4-8662-1c42689e00f0	QueryFinish	360	486742	99295368	94.70 MiB	1	123083804	117.38 MiB	2026-08-02 03:40:39	0
u02_hour_total	warmup	sonyliv_official	0fef5eb6-0b85-478a-8508-ca366be1e04c	QueryFinish	302	486742	99295368	94.70 MiB	16	129955891	123.94 MiB	2026-08-02 03:40:40	0
u02_hour_total	r1	sonyliv_official	3128e16a-40b0-4209-9040-fbb5835ad0c8	QueryFinish	312	486742	99295368	94.70 MiB	16	129488710	123.49 MiB	2026-08-02 03:40:40	0
u02_hour_total	r2	sonyliv_official	61a2ee11-91ff-4c07-90c4-cf14e11369c4	QueryFinish	265	486742	99295368	94.70 MiB	16	133676342	127.48 MiB	2026-08-02 03:40:41	0
u02_hour_total	r3	sonyliv_official	c3017394-ae5e-4486-8e27-b081486ba5ce	QueryFinish	303	486742	99295368	94.70 MiB	16	123884726	118.15 MiB	2026-08-02 03:40:42	0
u03_minute_peak_hour_series	warmup	sonyliv_official	6ffbfb84-298c-4e98-880e-71a9c450992c	QueryFinish	179	486742	99295368	94.70 MiB	60	78275454	74.65 MiB	2026-08-02 03:40:43	0
u03_minute_peak_hour_series	r1	sonyliv_official	3e36b75d-087e-403c-b0d4-5c8a751d3113	QueryFinish	193	486742	99295368	94.70 MiB	60	78923646	75.27 MiB	2026-08-02 03:40:44	0
u03_minute_peak_hour_series	r2	sonyliv_official	df523812-baea-4352-97d3-6d4a6ac1193c	QueryFinish	266	486742	99295368	94.70 MiB	60	86735942	82.72 MiB	2026-08-02 03:40:45	0
u03_minute_peak_hour_series	r3	sonyliv_official	213ae822-e1c8-4fac-8846-c68523d6e99a	QueryFinish	252	486742	99295368	94.70 MiB	60	79686486	75.99 MiB	2026-08-02 03:40:46	0
u04_day_platform	warmup	sonyliv_official	ffbbd5ba-e60a-4bf7-a5a8-2d9717b55d8a	QueryFinish	230	486742	99782110	95.16 MiB	19	127901625	121.98 MiB	2026-08-02 03:40:47	0
u04_day_platform	r1	sonyliv_official	fb1a2107-c4cd-4fea-89ab-bb8c6fdbfadb	QueryFinish	244	486742	99782110	95.16 MiB	19	136501367	130.18 MiB	2026-08-02 03:40:47	0
u04_day_platform	r2	sonyliv_official	6edb36b0-0688-49eb-a1eb-62e8e1b2768c	QueryFinish	327	486742	99782110	95.16 MiB	19	135875590	129.58 MiB	2026-08-02 03:40:48	0
u04_day_platform	r3	sonyliv_official	28336cb9-c3f1-4143-9eeb-514b20166ec7	QueryFinish	283	486742	99782110	95.16 MiB	19	128675929	122.71 MiB	2026-08-02 03:40:49	0
x01_delta_vs_interval_expansion	warmup	sonyliv_official	09bf65ce-81d6-4a6f-8372-178231a7d9e3	QueryFinish	509	297036	14883678	14.19 MiB	1	105314282	100.44 MiB	2026-08-02 03:40:49	0
x01_delta_vs_interval_expansion	r1	sonyliv_official	780fe738-5bdd-49cc-83bf-56c9ca784e7f	QueryFinish	476	297036	14883678	14.19 MiB	1	96858220	92.37 MiB	2026-08-02 03:40:50	0
x01_delta_vs_interval_expansion	r2	sonyliv_official	630e34a8-8b7d-4e48-9290-80906d2a392c	QueryFinish	491	297036	14883678	14.19 MiB	1	96858220	92.37 MiB	2026-08-02 03:40:51	0
x01_delta_vs_interval_expansion	r3	sonyliv_official	3f9c52af-6266-41bc-884c-cde4b1ebd0e2	QueryFinish	459	297036	14883678	14.19 MiB	1	96941697	92.45 MiB	2026-08-02 03:40:52	0
x02_integral_crosscheck	warmup	sonyliv_official	58e65f48-f29b-4440-a1f1-a39f685b2b96	QueryFinish	1041	200945	14962791	14.27 MiB	1	598845672	571.10 MiB	2026-08-02 03:40:53	0
x02_integral_crosscheck	r1	sonyliv_official	44fd1d2d-9516-4d24-acce-35478d127b3c	QueryFinish	1149	200945	14962791	14.27 MiB	1	598835624	571.09 MiB	2026-08-02 03:40:55	0
x02_integral_crosscheck	r2	sonyliv_official	c776c76b-340c-4e15-b1bd-c62cb32e0802	QueryFinish	1075	200945	14962791	14.27 MiB	1	598840176	571.10 MiB	2026-08-02 03:40:57	0
x02_integral_crosscheck	r3	sonyliv_official	1ad32c33-b70c-4f4f-8f40-607dd8dcf8db	QueryFinish	1107	200945	14962791	14.27 MiB	1	598835624	571.09 MiB	2026-08-02 03:40:58	0
x03_peak_not_summable	warmup	sonyliv_official	33fab35a-fa4f-477a-8ebd-286a388b260f	QueryFinish	63	137373	3160117	3.01 MiB	1	7977630	7.61 MiB	2026-08-02 03:41:00	0
x03_peak_not_summable	r1	sonyliv_official	7f648f45-b8a1-4dff-a62f-da3900f83324	QueryFinish	60	137373	3160117	3.01 MiB	1	7977166	7.61 MiB	2026-08-02 03:41:01	0
x03_peak_not_summable	r2	sonyliv_official	9d0afb67-8eba-45bd-b17e-abb17ca90625	QueryFinish	59	137373	3160117	3.01 MiB	1	7977166	7.61 MiB	2026-08-02 03:41:01	0
x03_peak_not_summable	r3	sonyliv_official	9cf791a9-186e-4752-af79-7b702d4f7dbd	QueryFinish	40	137373	3160117	3.01 MiB	1	7977166	7.61 MiB	2026-08-02 03:41:02	0
x04_dataset_extent	warmup	sonyliv_official	42373646-64a3-44c8-ad41-e01f1a25fc73	QueryFinish	2529	7895198	1016964069	969.85 MiB	1	34892763	33.28 MiB	2026-08-02 03:41:04	0
x04_dataset_extent	r1	sonyliv_official	679c53e3-5bad-4995-ab76-46c8c9f4f5bf	QueryFinish	2261	7895198	1016964069	969.85 MiB	1	34835739	33.22 MiB	2026-08-02 03:41:08	0
x04_dataset_extent	r2	sonyliv_official	922e1722-f783-4c74-93b9-30001ee915dc	QueryFinish	1979	7895198	1016964069	969.85 MiB	1	34828475	33.22 MiB	2026-08-02 03:41:11	0
x04_dataset_extent	r3	sonyliv_official	2f14fa0b-730d-4df8-9e7e-5bb71e38f3d2	QueryFinish	2179	7895198	1016964069	969.85 MiB	1	34872507	33.26 MiB	2026-08-02 03:41:13	0
x05_policy	warmup	sonyliv_official	72200627-e34f-4f72-890e-ecf2cfdfa30e	QueryFinish	8	1	1	1.00 B	1	5560835	5.30 MiB	2026-08-02 03:41:14	0
x05_policy	r1	sonyliv_official	843df915-28c2-4b33-97ca-2d85f672ff6b	QueryFinish	7	1	1	1.00 B	1	5561635	5.30 MiB	2026-08-02 03:41:14	0
x05_policy	r2	sonyliv_official	8ed07a35-666a-4358-bc91-84911a850e46	QueryFinish	3	1	1	1.00 B	1	5561571	5.30 MiB	2026-08-02 03:41:14	0
x05_policy	r3	sonyliv_official	f799bd60-476c-4d53-b9ec-9963c84927f3	QueryFinish	4	1	1	1.00 B	1	5561571	5.30 MiB	2026-08-02 03:41:15	0
x06_day_all_dates	warmup	sonyliv_official	41623ce1-4518-406b-98bc-0ada71c58432	QueryFinish	17	9056	316960	309.53 KiB	15	9923231	9.46 MiB	2026-08-02 03:41:15	0
x06_day_all_dates	r1	sonyliv_official	05166d08-d5f1-4436-9168-67afa6a98399	QueryFinish	35	9056	316960	309.53 KiB	15	9892600	9.43 MiB	2026-08-02 03:41:16	0
x06_day_all_dates	r2	sonyliv_official	e743b7d8-fa72-4cac-b5be-0891ebe62245	QueryFinish	37	9056	316960	309.53 KiB	15	9148631	8.72 MiB	2026-08-02 03:41:16	0
x06_day_all_dates	r3	sonyliv_official	e89c3ce3-cb31-4761-881b-236da8a73f8f	QueryFinish	43	9056	316960	309.53 KiB	15	11460003	10.93 MiB	2026-08-02 03:41:17	0
