claim_id	claim	command_or_script	artifact_path	status	fail_kind	verified_at_sha	verified_at_utc
adpause_impact	oracle with AdPause/AdResume classified vs neutral, tolerance_s=90	measure_divergence.sh	evidence/adpause_impact__20260801T123609Z__c228db4-dirty.tsv	RECORDED		c228db4-dirty	2026-08-01 12:36:09
clickhouse_rules_audit	phoenix schema and serving design audited against the 31 ClickHouse best-practice rules, with the key-order deviation measured rather than assumed	evidence.sh	evidence/clickhouse_rules_audit__20260801T144112Z__33cc777-dirty.tsv	RECORDED		33cc777-dirty	2026-08-01 14:41:12
clickstack_integration	ClickStack/HyperDX provisioned against our ClickHouse Cloud service, with the five panel queries run	evidence.sh	evidence/clickstack_integration__20260801T160716Z__d2b6c86-dirty.tsv	PASS		d2b6c86-dirty	2026-08-01 16:07:16
derive_idempotence	running the batch derive twice: it doubles concurrency, and which invariants do and do not catch it	evidence.sh	evidence/derive_idempotence__20260801T143338Z__f9bfa0e-dirty.tsv	FAIL	finding	f9bfa0e-dirty	2026-08-01 14:33:38
derive_phoenix	guarded batch derivation into phoenix, with the post-conditions that would catch a double derive	derive.sh	evidence/derive_phoenix__20260801T190315Z__70d7c87-dirty.tsv	PASS		70d7c87-dirty	2026-08-01 19:03:15
derive_phoenix_idem_a	guarded batch derivation into phoenix_idem_a, with the post-conditions that would catch a double derive	derive.sh	evidence/derive_phoenix_idem_a__20260801T161928Z__dc0d374-dirty.tsv	PASS		dc0d374-dirty	2026-08-01 16:19:28
derive_phoenix_idem_b	guarded batch derivation into phoenix_idem_b, with the post-conditions that would catch a double derive	derive.sh	evidence/derive_phoenix_idem_b__20260801T161938Z__dc0d374-dirty.tsv	PASS		dc0d374-dirty	2026-08-01 16:19:38
derive_phoenix_next	guarded batch derivation into phoenix_next, with the post-conditions that would catch a double derive	derive.sh	evidence/derive_phoenix_next__20260801T173506Z__8f6fa49-dirty.tsv	PASS		8f6fa49-dirty	2026-08-01 17:35:06
derive_phoenix_scratch_rehearsal	guarded batch derivation into phoenix_scratch_rehearsal, with the post-conditions that would catch a double derive	derive.sh	evidence/derive_phoenix_scratch_rehearsal__20260801T143431Z__f9bfa0e-dirty.tsv	PASS		f9bfa0e-dirty	2026-08-01 14:34:31
end_rule_first_vs_last	cost of treating the FIRST VideoSessionEnd as terminal instead of the last, frozen slice	end_rule_measurement.sh	evidence/end_rule_first_vs_last__20260801T174157Z__d8ab38e-dirty.tsv	RECORDED		d8ab38e-dirty	2026-08-01 17:41:57
exact_layer_parity	exact boundary layer: invariants asserted, minute-layer comparison recorded (2026-07-26 00:00:00 -> 2026-07-27 00:00:00)	exact_layer_parity.sh	evidence/exact_layer_parity__20260801T180326Z__8f6fa49-dirty.tsv	PASS		8f6fa49-dirty	2026-08-01 18:03:26
filter_shapes	read_rows, read_bytes, marks, parts and EXPLAIN key condition per filter shape, cold and warm	bench.sh	evidence/filter_shapes__20260801T175645Z__8f6fa49-dirty.tsv	RECORDED		8f6fa49-dirty	2026-08-01 17:56:45
ingest_10x_phoenix_next	ten generations of the corpus into phoenix_next in rules-compliant batches, with lateness probes	ingest_10x.sh	evidence/ingest_10x_phoenix_next__20260801T190314Z__70d7c87-dirty.tsv	PASS		70d7c87-dirty	2026-08-01 19:03:14
ingest_probe	is the live stream moving, and does its event_timestamp carry source event time or wall-clock arrival time	ingest_probe.sh	evidence/ingest_probe__20260801T134402Z__97f13f1-dirty.tsv	RECORDED		97f13f1-dirty	2026-08-01 13:44:02
ingested_at_nondeterminism	ingested_at is re-evaluated at read time for pre-ALTER parts, so a watermark filter erases the validated dataset	prove_ingested_at.sh	evidence/ingested_at_nondeterminism__20260801T130349Z__ed4042c-dirty.tsv	RECORDED		ed4042c-dirty	2026-08-01 13:03:49
key_order_candidates	granules read per filter shape for three candidate ORDER BY keys, measured on identical data	key_order_experiment.sh	evidence/key_order_candidates__20260801T143931Z__33cc777-dirty.tsv	RECORDED		33cc777-dirty	2026-08-01 14:39:31
lateness_classifier	each lateness class produced by a real arrival through the landing table	test_lateness_classifier.sh	evidence/lateness_classifier__20260801T192721Z__e8e3f60-dirty.tsv	PASS		e8e3f60-dirty	2026-08-01 19:27:21
lazy_materialization	does query_plan_optimize_lazy_materialization engage on our access patterns, and what does it save	evidence.sh	evidence/lazy_materialization__20260801T142108Z__a5bca8c-dirty.tsv	RECORDED		a5bca8c-dirty	2026-08-01 14:21:08
naive_baseline	naive session-span vs foreground-only, same minute rule, densified, clipped to the overlapping range	naive_baseline.sh	evidence/naive_baseline__20260801T181032Z__8f6fa49-dirty.tsv	PASS		8f6fa49-dirty	2026-08-01 18:10:32
naive_baseline_gate	range/balance gate before the naive-vs-corrected comparison	naive_baseline.sh	evidence/naive_baseline_gate__20260801T181031Z__8f6fa49-dirty.tsv	PASS		8f6fa49-dirty	2026-08-01 18:10:31
naive_vs_foreground	naive session-span vs foreground-only oracle, tolerance_s=90	measure_divergence.sh	evidence/naive_vs_foreground__20260801T123608Z__c228db4-dirty.tsv	RECORDED		c228db4-dirty	2026-08-01 12:36:08
open_session_update	curve at T, events arrive, curve at T+1, and the diff attributed to exactly the sessions that received events	open_session_demo.sh	evidence/open_session_update__20260801T143119Z__a822ff6-dirty.tsv	PASS		a822ff6-dirty	2026-08-01 14:31:19
open_sessions	incremental absorption of open sessions vs one-pass batch truth	test_open_sessions.sh	evidence/open_sessions__20260801T124121Z__c228db4-dirty.tsv	PASS		c228db4-dirty	2026-08-01 12:41:21
oracle_parity	oracle (clickhouse local, CSV) vs serving layer, batch and incremental	parity.sh	evidence/oracle_parity__20260801T193552Z__3be2212.tsv	PASS		3be2212	2026-08-01 19:35:52
oracle_parity_prefix_fail	oracle vs serving BEFORE the double-derive fix in 33cc777: the failure this repo was actually caught by	parity.sh	evidence/oracle_parity__20260801T143648Z__33cc777.tsv	FAIL	finding	33cc777	2026-08-01 14:36:48
peak_not_a_rollup	peak minutes differ across filter tuples, and the overall peak is neither the max nor the sum of per-platform peaks	test_peak.sh	evidence/peak_not_a_rollup__20260801T163759Z__2b1442f-dirty.tsv	PASS		2b1442f-dirty	2026-08-01 16:37:59
reach_budget	reach.sql read budget recalibrated to 3x measured after a real TOO_MANY_ROWS breach	reach_recalibration	evidence/reach_budget__20260801T182737Z__e16e63d-dirty.tsv	PASS		e16e63d-dirty	2026-08-01 18:27:37
rebuild_idempotence	full rebuild run twice into separate shadow databases, derived tables diffed row by row over the shared frozen input	prove_idempotence.sh	evidence/rebuild_idempotence__20260801T161940Z__dc0d374-dirty.tsv	PASS		dc0d374-dirty	2026-08-01 16:19:40
rebuild_swap_phoenix_idem_a	full rebuild into a shadow database with the end-bound rule, verified on the shadow deltas before any swap	rebuild_swap.sh	evidence/rebuild_swap_phoenix_idem_a__20260801T161930Z__dc0d374-dirty.tsv	PASS		dc0d374-dirty	2026-08-01 16:19:30
rebuild_swap_phoenix_idem_b	full rebuild into a shadow database with the end-bound rule, verified on the shadow deltas before any swap	rebuild_swap.sh	evidence/rebuild_swap_phoenix_idem_b__20260801T161940Z__dc0d374-dirty.tsv	PASS		dc0d374-dirty	2026-08-01 16:19:40
rebuild_swap_phoenix_next	full rebuild into a shadow database with the end-bound rule, verified on the shadow deltas before any swap	rebuild_swap.sh	evidence/rebuild_swap_phoenix_next__20260801T161700Z__561ab5b-dirty.tsv	PASS		561ab5b-dirty	2026-08-01 16:17:00
replicate_phoenix_to_phoenix_next	copy raw events at a pinned cut and re-derive through the unmodified pipeline	replicate.sh	evidence/replicate_phoenix_to_phoenix_next__20260801T173509Z__8f6fa49-dirty.tsv	PASS		8f6fa49-dirty	2026-08-01 17:35:09
runbook_rehearsal	docs/RUNBOOK_UNSEEN_DAY.md executed end to end on a throwaway database, per-step wall clock	rehearse_runbook.sh	evidence/runbook_rehearsal__20260801T163917Z__2b1442f-dirty.tsv	PASS		2b1442f-dirty	2026-08-01 16:39:17
runbook_validation	every number in docs/review/validation_runbook_filled.md not already covered by an existing artifact	runbook_validation.sh	evidence/runbook_validation__20260801T193620Z__3be2212-dirty.tsv	RECORDED		3be2212-dirty	2026-08-01 19:36:20
seeding_position	read volume against window position and window width, three windows, two of them sharing an upper bound	seeding_test.sh	evidence/seeding_position__20260801T163947Z__2b1442f-dirty.tsv	RECORDED		2b1442f-dirty	2026-08-01 16:39:47
title_category_serving	title/category filter answers from concurrency_deltas + content only (category=bhdbj)	title_category_probe.sh	evidence/title_category_serving__20260801T180839Z__8f6fa49-dirty.tsv	PASS		8f6fa49-dirty	2026-08-01 18:08:39
unknown_vocabulary	event_type and event values the classifier does not recognise, with counts and what they currently do	vocabulary_check.sh	evidence/unknown_vocabulary__20260801T163757Z__2b1442f-dirty.tsv	RECORDED		2b1442f-dirty	2026-08-01 16:37:57
insight_bench_audience_snapshot_minute_trend	read_rows, read_bytes, result_rows, tables and EXPLAIN key condition per filter shape for audience_snapshot_minute_trend	bench_insights.sh	evidence/insight_bench_audience_snapshot_minute_trend__20260801T194914Z__f1b6d38-dirty.tsv	PASS		f1b6d38-dirty	2026-08-01 19:49:14
insight_bench_cohorts_retention_curve	read_rows, read_bytes, result_rows, tables and EXPLAIN key condition per filter shape for cohorts_retention_curve	bench_insights.sh	evidence/insight_bench_cohorts_retention_curve__20260801T195022Z__f1b6d38-dirty.tsv	PASS		f1b6d38-dirty	2026-08-01 19:50:22
insight_bench_health_incident_window	read_rows, read_bytes, result_rows, tables and EXPLAIN key condition per filter shape for health_incident_window	bench_insights.sh	evidence/insight_bench_health_incident_window__20260801T195119Z__f1b6d38-dirty.tsv	PASS		f1b6d38-dirty	2026-08-01 19:51:19
insight_bench_session_facts_app_version_health	read_rows, read_bytes, result_rows, tables and EXPLAIN key condition per filter shape for session_facts_app_version_health	bench_insights.sh	evidence/insight_bench_session_facts_app_version_health__20260801T195215Z__f1b6d38-dirty.tsv	PASS		f1b6d38-dirty	2026-08-01 19:52:15
replica_parity_phoenix_next	independently re-derived phoenix_next serving layer against phoenix, frozen slice	replica_parity.sh	evidence/replica_parity_phoenix_next__20260801T195304Z__f1b6d38-dirty.tsv	PASS		f1b6d38-dirty	2026-08-01 19:53:04
insight_parity_audience_snapshot	audience_snapshot: independent ground truth in clickhouse local against the phoenix_next serving table	validate_insights.sh	evidence/insight_parity_audience_snapshot__20260801T201012Z__83b9ff6-dirty.tsv	PASS		83b9ff6-dirty	2026-08-01 20:10:12
insight_parity_cohorts	cohorts: independent ground truth in clickhouse local against the phoenix_next serving table	validate_insights.sh	evidence/insight_parity_cohorts__20260801T201013Z__83b9ff6-dirty.tsv	PASS		83b9ff6-dirty	2026-08-01 20:10:13
insight_parity_health	health: independent ground truth in clickhouse local against the phoenix_next serving table	validate_insights.sh	evidence/insight_parity_health__20260801T201015Z__83b9ff6-dirty.tsv	PASS		83b9ff6-dirty	2026-08-01 20:10:15
insight_parity_session_facts	session_facts: independent ground truth in clickhouse local against the phoenix_next serving table	validate_insights.sh	evidence/insight_parity_session_facts__20260801T201017Z__83b9ff6-dirty.tsv	PASS		83b9ff6-dirty	2026-08-01 20:10:17
derive_phoenix_insights	guarded batch derivation into phoenix_insights, with the post-conditions that would catch a double derive	derive.sh	evidence/derive_phoenix_insights__20260801T205709Z__b6c7949-dirty.tsv	PASS		b6c7949-dirty	2026-08-01 20:57:09
replicate_phoenix_next_to_phoenix_insights	copy raw events at a pinned cut and re-derive through the unmodified pipeline	replicate.sh	evidence/replicate_phoenix_next_to_phoenix_insights__20260801T205711Z__b6c7949-dirty.tsv	PASS		b6c7949-dirty	2026-08-01 20:57:11
live_queryload_probe_phoenix	single-pass latency probe, NOT the percentile run	live_queryload.sh	evidence/live_queryload_probe_phoenix__20260801T215721Z__954b20d-dirty.tsv	RECORDED		954b20d-dirty	2026-08-01 21:57:21
refresh_insights_phoenix_insights	incremental insight refresh into phoenix_insights, with the post-conditions that catch an additive re-run	refresh_insights.sh	evidence/refresh_insights_phoenix_insights__20260801T221401Z__9c4fec7-dirty.tsv	PASS		9c4fec7-dirty	2026-08-01 22:14:01
spike_sustainability_phoenix_insights	healthy vs weak spike, same acquisition, opposite sustain	spike_scenarios.sh	evidence/spike_sustainability_phoenix_insights__20260801T221402Z__9c4fec7-dirty.tsv	PASS		9c4fec7-dirty	2026-08-01 22:14:02
spike_sustainability_phoenix_next	healthy vs weak spike, same acquisition, opposite sustain	spike_scenarios.sh	evidence/spike_sustainability_phoenix_next__20260801T223044Z__9c4fec7-dirty.tsv	PASS		9c4fec7-dirty	2026-08-01 22:30:44
repartition_derived_phoenix_next	derived tables given a daily partition key, derivation held constant	repartition_derived.sh	evidence/repartition_derived_phoenix_next__20260801T231108Z__9c4fec7-dirty.tsv	PASS		9c4fec7-dirty	2026-08-01 23:11:08
repartition_derived_phoenix	derived tables given a daily partition key, derivation held constant	repartition_derived.sh	evidence/repartition_derived_phoenix__20260801T231144Z__9c4fec7-dirty.tsv	PASS		9c4fec7-dirty	2026-08-01 23:11:44
schema_drift_phoenix	live structure of phoenix against sql/schema/, via an empty reference database	schema_drift.sh	evidence/schema_drift_phoenix__20260801T232852Z__ca33868-dirty.tsv	FAIL	finding	ca33868-dirty	2026-08-01 23:28:52
inventory_phoenix	engines, keys, columns, views and their health, read from system.* on phoenix	inventory.sh	evidence/inventory_phoenix__20260801T232951Z__ca33868-dirty.tsv	RECORDED		ca33868-dirty	2026-08-01 23:29:51
inventory_phoenix_next	engines, keys, columns, views and their health, read from system.* on phoenix_next	inventory.sh	evidence/inventory_phoenix_next__20260801T232952Z__ca33868-dirty.tsv	RECORDED		ca33868-dirty	2026-08-01 23:29:52
live_queryload_phoenix_next	serving latency under concurrent ingest, live window	live_queryload.sh	evidence/live_queryload_phoenix_next__20260802T001340Z__a67b4c4-dirty.tsv	RECORDED		a67b4c4-dirty	2026-08-02 00:13:40
live_queryload_phoenix	serving latency under concurrent ingest, live window	live_queryload.sh	evidence/live_queryload_phoenix__20260802T001345Z__a67b4c4-dirty.tsv	RECORDED		a67b4c4-dirty	2026-08-02 00:13:45
insight_bench_spike_explanation	read_rows, read_bytes, result_rows, tables and EXPLAIN key condition per filter shape for spike_explanation	bench_insights.sh	evidence/insight_bench_spike_explanation__20260802T003208Z__8cae0d7-dirty.tsv	PASS		8cae0d7-dirty	2026-08-02 00:32:08
insight_parity_state_flow	state_flow: Gate A, sql/insights/validation/state_flow_diff.sql returns zero disagreements against the phoenix_next serving table	validate_insights.sh	evidence/insight_parity_state_flow__20260802T003437Z__8cae0d7-dirty.tsv	PASS		8cae0d7-dirty	2026-08-02 00:34:37
clickstack_query_spans	serving queries replayed from system.query_log into ClickStack as OTLP traces	emit_query_spans.sh	evidence/clickstack_query_spans__20260802T010453Z__46f5725-dirty.tsv	PASS		46f5725-dirty	2026-08-02 01:04:53
insight_bench_state_flow	read_rows, read_bytes, result_rows, tables and EXPLAIN key condition per filter shape for state_flow	bench_insights.sh	evidence/insight_bench_state_flow__20260802T011021Z__46f5725-dirty.tsv	PASS		46f5725-dirty	2026-08-02 01:10:21
frozen_slice_stability	frozen-slice metric set run twice with live ingest in between; identical means the isolation predicate holds	frozen_gate.sh	evidence/frozen_slice_stability__20260802T014517Z__9e82f15-dirty.tsv	FAIL	finding	9e82f15-dirty	2026-08-02 01:45:17
reset_live_phoenix	live slice reset to the validated corpus, frozen slice unchanged	reset_live.sh	evidence/reset_live_phoenix__20260802T014633Z__9e82f15-dirty.tsv	PASS		9e82f15-dirty	2026-08-02 01:46:33
reset_live_phoenix_next	live slice reset to the validated corpus, frozen slice unchanged	reset_live.sh	evidence/reset_live_phoenix_next__20260802T014649Z__9e82f15-dirty.tsv	PASS		9e82f15-dirty	2026-08-02 01:46:49
refresh_insights_phoenix_next	incremental insight refresh into phoenix_next, with the post-conditions that catch an additive re-run	refresh_insights.sh	evidence/refresh_insights_phoenix_next__20260802T014738Z__9e82f15-dirty.tsv	PASS		9e82f15-dirty	2026-08-02 01:47:38
rebuild_insights_phoenix_next	insight layer recreated from sql/insights/schema/, with the keys the server actually ended up with	rebuild_insights.sh	evidence/rebuild_insights_phoenix_next__20260802T014738Z__9e82f15-dirty.tsv	RECORDED		9e82f15-dirty	2026-08-02 01:47:38
schema_drift_phoenix_next	live structure of phoenix_next against sql/schema/, via an empty reference database	schema_drift.sh	evidence/schema_drift_phoenix_next__20260802T023141Z__6d595ae-dirty.tsv	PASS		6d595ae-dirty	2026-08-02 02:31:41
derive_phoenix_unseen	guarded batch derivation into phoenix_unseen, with the post-conditions that would catch a double derive	derive.sh	evidence/derive_phoenix_unseen__20260802T023815Z__6d595ae-dirty.tsv	PASS		6d595ae-dirty	2026-08-02 02:38:15
answers_phoenix_unseen	peak and average concurrency at minute, hour and day grain across filter shapes, with per-query latency from system.query_log	answers.sh	evidence/answers_phoenix_unseen__20260802T031103Z__6d595ae-dirty.tsv	RECORDED		6d595ae-dirty	2026-08-02 03:11:03
derive_phoenix_widen_test	guarded batch derivation into phoenix_widen_test, with the post-conditions that would catch a double derive	derive.sh	evidence/derive_phoenix_widen_test__20260802T032237Z__6d595ae-dirty.tsv	PASS		6d595ae-dirty	2026-08-02 03:22:37
derive_phoenix_widen_full	guarded batch derivation into phoenix_widen_full, with the post-conditions that would catch a double derive	derive.sh	evidence/derive_phoenix_widen_full__20260802T032423Z__6d595ae-dirty.tsv	PASS		6d595ae-dirty	2026-08-02 03:24:23
widen_dimensions_parity	widening the delta key with four dimensions changes no concurrency answer: same runs, same peak, same averages	evidence.sh	evidence/widen_dimensions_parity__20260802T032519Z__6d595ae-dirty.tsv	PASS		6d595ae-dirty	2026-08-02 03:25:19
derive_phoenix_align_test	guarded batch derivation into phoenix_align_test, with the post-conditions that would catch a double derive	derive.sh	evidence/derive_phoenix_align_test__20260802T033212Z__6d595ae-dirty.tsv	PASS		6d595ae-dirty	2026-08-02 03:32:12
dimension_alignment_fix	positional INSERT misalignment found and fixed: explicit column lists on every pipeline insert	evidence.sh	evidence/dimension_alignment_fix__20260802T033304Z__6d595ae-dirty.tsv	PASS		6d595ae-dirty	2026-08-02 03:33:04
derive_phoenix_live_v2	guarded batch derivation into phoenix_live_v2, with the post-conditions that would catch a double derive	derive.sh	evidence/derive_phoenix_live_v2__20260802T033444Z__6d595ae-dirty.tsv	PASS		6d595ae-dirty	2026-08-02 03:34:44
refresh_insights_phoenix_live_v2	incremental insight refresh into phoenix_live_v2, with the post-conditions that catch an additive re-run	refresh_insights.sh	evidence/refresh_insights_phoenix_live_v2__20260802T033501Z__6d595ae-dirty.tsv	PASS		6d595ae-dirty	2026-08-02 03:35:01
refresh_insights_phoenix_unseen	incremental insight refresh into phoenix_unseen, with the post-conditions that catch an additive re-run	refresh_insights.sh	evidence/refresh_insights_phoenix_unseen__20260802T035024Z__6d595ae-dirty.tsv	PASS		6d595ae-dirty	2026-08-02 03:50:24
filter_key_acceleration	projection plus two skip indices: 7.1x on suffix-dimension filters, 59000x on the per-tick user lookup	evidence.sh	evidence/filter_key_acceleration__20260802T040204Z__6d595ae-dirty.tsv	PASS		6d595ae-dirty	2026-08-02 04:02:04
derive_phoenix_live	guarded batch derivation into phoenix_live, with the post-conditions that would catch a double derive	derive.sh	evidence/derive_phoenix_live__20260802T040818Z__6d595ae-dirty.tsv	PASS		6d595ae-dirty	2026-08-02 04:08:18
refresh_insights_phoenix_live	incremental insight refresh into phoenix_live, with the post-conditions that catch an additive re-run	refresh_insights.sh	evidence/refresh_insights_phoenix_live__20260802T040913Z__6d595ae-dirty.tsv	PASS		6d595ae-dirty	2026-08-02 04:09:13
